ticker,timeframe,divergence_type,signal_date,entry_date,entry_price,initial_shares,initial_capital,total_pnl,total_pnl_pct,num_exits,days_in_trade,result
ENPH,1d,Bearish,2021-01-07,2021-01-08,207.41,4.8214,1000.0,-50.0,-5.0,1,1,Loss
CINF,1d,Bearish,2021-01-19,2021-01-20,92.48,10.8131,1000.0,0.0,0.0,1,17,Breakeven
TAP,1d,Bearish,2021-01-27,2021-01-28,51.98,19.2382,1000.0,-50.0,-5.0,1,1,Loss
FDX,1d,Bullish,2021-01-29,2021-02-01,239.24,4.1799,1000.0,176.75,17.68,3,105,Win
WAT,1d,Bearish,2021-02-02,2021-02-03,281.27,3.5553,1000.0,0.0,0.0,1,37,Breakeven
EBAY,1d,Bearish,2021-02-08,2021-02-09,62.23,16.0694,1000.0,76.3,7.63,2,29,Win
NVR,1d,Bearish,2021-02-08,2021-02-09,4699.74,1.0,4699.74,0.0,0.0,1,19,Breakeven
SNPS,3d,Bearish,2021-02-11,2021-02-14,290.67,3.4403,1000.0,139.24,13.92,3,37,Win
KLAC,3d,Bearish,2021-02-14,2021-02-17,330.67,3.0242,1000.0,80.1,8.01,2,31,Win
ASML,3d,Bearish,2021-02-14,2021-02-17,594.4,1.6824,1000.0,85.58,8.56,2,24,Win
TECH,1d,Bearish,2021-02-16,2021-02-17,101.81,9.8217,1000.0,66.81,6.68,2,19,Win
KIM,1d,Bearish,2021-02-24,2021-02-25,18.62,53.7057,1000.0,-50.0,-5.0,1,8,Loss
CL,3d,Bullish,2021-03-01,2021-03-04,76.06,13.1475,1000.0,75.4,7.54,2,104,Win
COP,1d,Bearish,2021-03-11,2021-03-12,59.19,16.8947,1000.0,70.67,7.07,2,41,Win
NWSA,3d,Bearish,2021-03-19,2021-03-22,25.45,39.2927,1000.0,-50.0,-5.0,1,1,Loss
AZO,1d,Bearish,2021-04-20,2021-04-21,1486.89,1.0,1486.89,0.0,0.0,1,48,Breakeven
ELV,1d,Bearish,2021-04-21,2021-04-22,379.78,2.6331,1000.0,-50.0,-5.0,1,13,Loss
BAX,1d,Bearish,2021-04-22,2021-04-23,87.87,11.3804,1000.0,83.93,8.39,2,103,Win
VICI,3d,Bearish,2021-04-27,2021-04-30,31.7,31.5457,1000.0,0.0,0.0,1,23,Breakeven
ETR,1d,Bearish,2021-04-30,2021-05-03,54.62,18.3083,1000.0,0.0,0.0,1,71,Breakeven
PPG,1d,Bearish,2021-05-06,2021-05-07,179.49,5.5713,1000.0,158.73,15.87,3,103,Win
REG,3d,Bearish,2021-05-06,2021-05-09,64.52,15.4991,1000.0,-50.0,-5.0,1,21,Loss
HD,3d,Bearish,2021-05-06,2021-05-09,330.66,3.0243,1000.0,0.0,0.0,1,53,Breakeven
OMC,3d,Bearish,2021-05-06,2021-05-09,83.74,11.9417,1000.0,112.61,11.26,2,104,Win
ELV,3d,Bearish,2021-05-06,2021-05-09,394.49,2.5349,1000.0,0.0,0.0,1,44,Breakeven
HD,1d,Bearish,2021-05-10,2021-05-11,330.66,3.0243,1000.0,0.0,0.0,1,52,Breakeven
ORLY,1d,Bearish,2021-05-10,2021-05-11,37.32,26.7938,1000.0,0.0,0.0,1,33,Breakeven
FITB,1w,Bearish,2021-05-16,2021-05-23,41.92,23.855,1000.0,74.76,7.48,2,81,Win
MTB,1w,Bearish,2021-05-16,2021-05-23,162.45,6.1557,1000.0,136.42,13.64,3,88,Win
ADM,3d,Bearish,2021-06-02,2021-06-05,68.66,14.5645,1000.0,73.26,7.33,2,99,Win
RF,1w,Bearish,2021-05-30,2021-06-06,22.63,44.1891,1000.0,77.09,7.71,2,80,Win
F,1w,Bearish,2021-06-06,2021-06-13,15.28,65.445,1000.0,69.65,6.97,2,82,Win
C,1w,Bearish,2021-06-06,2021-06-13,76.48,13.0753,1000.0,72.99,7.3,2,42,Win
SCHW,1w,Bearish,2021-06-06,2021-06-13,73.92,13.5281,1000.0,0.0,0.0,1,10,Breakeven
MS,1w,Bearish,2021-06-06,2021-06-13,92.05,10.8637,1000.0,0.0,0.0,1,14,Breakeven
GS,1w,Bearish,2021-06-06,2021-06-13,378.05,2.6452,1000.0,0.0,0.0,1,12,Breakeven
TRGP,1d,Bearish,2021-06-16,2021-06-17,45.36,22.0459,1000.0,-50.0,-5.0,1,1,Loss
SPG,1w,Bearish,2021-06-13,2021-06-20,125.33,7.9789,1000.0,-50.0,-5.0,1,1,Loss
LUV,1d,Bullish,2021-07-19,2021-07-20,51.43,19.4439,1000.0,-50.0,-5.0,1,1,Loss
MSFT,1d,Bearish,2021-07-23,2021-07-26,289.05,3.4596,1000.0,-50.0,-5.0,1,20,Loss
ACN,1d,Bearish,2021-07-27,2021-07-28,316.31,3.1615,1000.0,-50.0,-5.0,1,18,Loss
EQR,1w,Bearish,2021-07-25,2021-08-01,84.13,11.8864,1000.0,-50.0,-5.0,1,94,Loss
CPT,3d,Bearish,2021-07-29,2021-08-01,148.37,6.7399,1000.0,-50.0,-5.0,1,52,Loss
HCA,1d,Bearish,2021-08-03,2021-08-04,248.26,4.028,1000.0,-50.0,-5.0,1,26,Loss
EXR,3d,Bearish,2021-08-01,2021-08-04,175.51,5.6977,1000.0,-50.0,-5.0,1,19,Loss
ISRG,1d,Bearish,2021-08-09,2021-08-10,331.87,3.0132,1000.0,-50.0,-5.0,1,7,Loss
DDOG,1d,Bearish,2021-08-13,2021-08-16,133.52,7.4895,1000.0,-50.0,-5.0,1,17,Loss
FTNT,1d,Bearish,2021-08-13,2021-08-16,60.49,16.5322,1000.0,-50.0,-5.0,1,11,Loss
LVS,1d,Bullish,2021-08-19,2021-08-20,37.55,26.6312,1000.0,83.84,8.38,2,17,Win
PNR,1w,Bearish,2021-08-15,2021-08-22,78.83,12.6855,1000.0,65.93,6.59,2,45,Win
COF,1w,Bearish,2021-08-15,2021-08-22,168.22,5.9446,1000.0,0.0,0.0,1,25,Breakeven
YUM,1w,Bearish,2021-08-15,2021-08-22,134.46,7.4372,1000.0,0.0,0.0,1,78,Breakeven
FMC,1d,Bullish,2021-08-20,2021-08-23,89.09,11.2246,1000.0,65.68,6.57,2,28,Win
CARR,3d,Bearish,2021-08-25,2021-08-28,58.03,17.2325,1000.0,69.63,6.96,2,55,Win
CBOE,1w,Bearish,2021-08-22,2021-08-29,125.4,7.9745,1000.0,-50.0,-5.0,1,41,Loss
EVRG,1w,Bearish,2021-08-22,2021-08-29,68.31,14.6391,1000.0,0.0,0.0,1,77,Breakeven
MPWR,1d,Bearish,2021-08-30,2021-08-31,494.93,2.0205,1000.0,-50.0,-5.0,1,17,Loss
OTIS,3d,Bearish,2021-08-28,2021-08-31,92.06,10.8625,1000.0,105.97,10.6,2,104,Win
CDW,1d,Bearish,2021-09-02,2021-09-03,202.7,4.9334,1000.0,66.01,6.6,2,55,Win
EXR,3d,Bearish,2021-09-03,2021-09-06,192.4,5.1975,1000.0,66.43,6.64,2,34,Win
DHR,1d,Bearish,2021-09-03,2021-09-07,292.55,3.4182,1000.0,65.23,6.52,2,54,Win
AMT,3d,Bearish,2021-09-06,2021-09-09,293.88,3.4027,1000.0,69.1,6.91,2,32,Win
DGX,1d,Bearish,2021-09-08,2021-09-09,157.35,6.3553,1000.0,66.19,6.62,2,56,Win
MSCI,1d,Bearish,2021-09-08,2021-09-09,652.86,1.5317,1000.0,65.21,6.52,2,29,Win
WST,1d,Bearish,2021-09-08,2021-09-09,461.24,2.1681,1000.0,70.74,7.07,2,50,Win
IRM,1w,Bearish,2021-09-05,2021-09-12,47.02,21.2675,1000.0,0.0,0.0,1,37,Breakeven
EFX,1w,Bearish,2021-09-05,2021-09-12,272.87,3.6647,1000.0,0.0,0.0,1,27,Breakeven
CDW,1w,Bearish,2021-09-05,2021-09-12,197.99,5.0508,1000.0,71.72,7.17,2,30,Win
NVDA,1w,Bearish,2021-09-05,2021-09-12,22.48,44.4879,1000.0,0.0,0.0,1,9,Breakeven
DXCM,3d,Bearish,2021-09-21,2021-09-24,140.19,7.1334,1000.0,0.0,0.0,1,15,Breakeven
PWR,1w,Bearish,2021-09-19,2021-09-26,117.29,8.5259,1000.0,0.0,0.0,1,20,Breakeven
TEAM,1d,Bearish,2021-09-24,2021-09-27,391.89,2.5517,1000.0,-50.0,-5.0,1,14,Loss
MPWR,3d,Bearish,2021-09-24,2021-09-27,484.61,2.0635,1000.0,-50.0,-5.0,1,1,Loss
TMUS,1d,Bullish,2021-10-12,2021-10-13,116.46,8.5866,1000.0,0.0,0.0,1,24,Breakeven
MMC,3d,Bearish,2021-10-21,2021-10-24,168.91,5.9203,1000.0,82.03,8.2,2,103,Win
COP,1d,Bearish,2021-10-26,2021-10-27,74.43,13.4354,1000.0,0.0,0.0,1,20,Breakeven
NFLX,3d,Bearish,2021-10-27,2021-10-30,68.12,14.6806,1000.0,0.0,0.0,1,10,Breakeven
TEAM,3d,Bearish,2021-10-27,2021-10-30,450.14,2.2215,1000.0,186.07,18.61,3,102,Win
NOC,1w,Bearish,2021-10-24,2021-10-31,357.22,2.7994,1000.0,-50.0,-5.0,1,30,Loss
APO,1w,Bearish,2021-10-24,2021-10-31,76.95,12.9955,1000.0,69.71,6.97,2,38,Win
WM,1w,Bearish,2021-10-24,2021-10-31,160.23,6.241,1000.0,66.21,6.62,2,86,Win
PNW,3d,Bullish,2021-11-02,2021-11-05,64.56,15.4895,1000.0,0.0,0.0,1,17,Breakeven
APA,1d,Bearish,2021-11-08,2021-11-09,30.01,33.3222,1000.0,81.81,8.18,2,12,Win
EPAM,1w,Bearish,2021-11-07,2021-11-14,671.36,1.4895,1000.0,65.96,6.6,2,17,Win
NDAQ,1w,Bearish,2021-11-07,2021-11-14,69.47,14.394,1000.0,0.0,0.0,1,29,Breakeven
BG,1d,Bearish,2021-11-15,2021-11-16,95.73,10.446,1000.0,73.71,7.37,2,31,Win
ODFL,1d,Bearish,2021-11-16,2021-11-17,180.47,5.5412,1000.0,0.0,0.0,1,29,Breakeven
MAS,1d,Bearish,2021-11-16,2021-11-17,68.09,14.6864,1000.0,185.05,18.51,3,103,Win
ON,1d,Bearish,2021-11-18,2021-11-19,63.34,15.7878,1000.0,-50.0,-5.0,1,12,Loss
MSFT,1d,Bearish,2021-11-19,2021-11-22,339.83,2.9426,1000.0,0.0,0.0,1,24,Breakeven
CDNS,1w,Bearish,2021-11-21,2021-11-28,178.36,5.6066,1000.0,-50.0,-5.0,1,1,Loss
MSFT,1w,Bearish,2021-11-21,2021-11-28,329.68,3.0332,1000.0,141.21,14.12,2,103,Win
JCI,1w,Bearish,2021-11-21,2021-11-28,77.42,12.9166,1000.0,-50.0,-5.0,1,23,Loss
COST,1d,Bearish,2021-11-29,2021-11-30,539.38,1.854,1000.0,-50.0,-5.0,1,12,Loss
BMY,3d,Bullish,2021-11-29,2021-12-02,56.32,17.7557,1000.0,186.89,18.69,3,103,Win
ILMN,3d,Bullish,2021-12-02,2021-12-05,359.37,2.7827,1000.0,-50.0,-5.0,1,1,Loss
F,3d,Bearish,2021-12-08,2021-12-11,20.43,48.9476,1000.0,-50.0,-5.0,1,15,Loss
LOW,1d,Bearish,2021-12-10,2021-12-13,257.24,3.8874,1000.0,185.75,18.58,3,104,Win
MDT,1d,Bullish,2021-12-20,2021-12-21,101.65,9.8377,1000.0,0.0,0.0,1,23,Breakeven
PFE,1w,Bearish,2021-12-19,2021-12-26,58.71,17.0329,1000.0,125.84,12.58,3,54,Win
FDS,3d,Bearish,2021-12-26,2021-12-29,486.01,2.0576,1000.0,156.99,15.7,3,105,Win
UNH,1d,Bearish,2021-12-29,2021-12-30,504.43,1.9824,1000.0,0.0,0.0,1,53,Breakeven
GNRC,1d,Bullish,2022-01-05,2022-01-06,317.39,3.1507,1000.0,-50.0,-5.0,1,8,Loss
PSA,1w,Bearish,2022-01-02,2022-01-09,355.91,2.8097,1000.0,-50.0,-5.0,1,37,Loss
EXR,1w,Bearish,2022-01-02,2022-01-09,208.45,4.7973,1000.0,65.3,6.53,2,39,Win
PAYX,1w,Bearish,2022-01-02,2022-01-09,128.84,7.7616,1000.0,74.26,7.43,2,47,Win
INVH,1w,Bearish,2022-01-02,2022-01-09,42.92,23.2992,1000.0,0.0,0.0,1,19,Breakeven
RSG,1w,Bearish,2022-01-02,2022-01-09,133.77,7.4755,1000.0,65.8,6.58,2,38,Win
ZTS,1w,Bearish,2022-01-02,2022-01-09,211.09,4.7373,1000.0,65.33,6.53,2,22,Win
ACN,1w,Bearish,2022-01-02,2022-01-09,370.75,2.6972,1000.0,70.1,7.01,2,17,Win
AVB,1w,Bearish,2022-01-02,2022-01-09,248.87,4.0182,1000.0,0.0,0.0,1,39,Breakeven
ABBV,1d,Bearish,2022-01-12,2022-01-13,133.52,7.4895,1000.0,-50.0,-5.0,1,15,Loss
F,3d,Bearish,2022-01-13,2022-01-16,24.38,41.0172,1000.0,250.72,25.07,3,102,Win
MCK,1d,Bearish,2022-01-14,2022-01-18,252.54,3.9598,1000.0,-50.0,-5.0,1,13,Loss
VRTX,1d,Bearish,2022-01-14,2022-01-18,231.07,4.3277,1000.0,-50.0,-5.0,1,9,Loss
SLB,1d,Bearish,2022-01-26,2022-01-27,38.86,25.7334,1000.0,-50.0,-5.0,1,1,Loss
AFL,1d,Bearish,2022-02-08,2022-02-09,66.04,15.1423,1000.0,72.24,7.22,2,29,Win
AFL,1d,Bearish,2022-02-09,2022-02-10,65.55,15.2555,1000.0,68.93,6.89,2,27,Win
AWK,1d,Bullish,2022-02-16,2022-02-17,148.06,6.754,1000.0,70.32,7.03,2,51,Win
ZBRA,1d,Bullish,2022-02-23,2022-02-24,415.33,2.4077,1000.0,-50.0,-5.0,1,1,Loss
XOM,3d,Bearish,2022-03-05,2022-03-08,85.36,11.7151,1000.0,-50.0,-5.0,1,1,Loss
ECL,3d,Bullish,2022-03-05,2022-03-08,162.48,6.1546,1000.0,77.22,7.72,2,39,Win
PYPL,1d,Bullish,2022-03-07,2022-03-08,94.9,10.5374,1000.0,0.0,0.0,1,5,Breakeven
XOM,1d,Bearish,2022-03-08,2022-03-09,82.79,12.0788,1000.0,0.0,0.0,1,11,Breakeven
EBAY,3d,Bullish,2022-03-11,2022-03-14,54.77,18.2582,1000.0,-50.0,-5.0,1,1,Loss
STLD,1d,Bearish,2022-03-25,2022-03-28,87.17,11.4718,1000.0,0.0,0.0,1,12,Breakeven
ATO,3d,Bearish,2022-04-04,2022-04-07,121.71,8.2163,1000.0,75.39,7.54,2,77,Win
KR,3d,Bearish,2022-04-07,2022-04-10,58.75,17.0213,1000.0,-50.0,-5.0,1,1,Loss
CTVA,3d,Bearish,2022-04-13,2022-04-16,60.95,16.4069,1000.0,79.56,7.96,2,25,Win
AEE,1d,Bearish,2022-04-20,2022-04-21,97.81,10.2239,1000.0,77.52,7.75,2,79,Win
MCK,1d,Bearish,2022-04-20,2022-04-21,331.45,3.017,1000.0,0.0,0.0,1,12,Breakeven
ETR,1d,Bearish,2022-04-20,2022-04-21,62.66,15.9591,1000.0,77.32,7.73,2,80,Win
K,1d,Bearish,2022-05-09,2022-05-10,68.48,14.603,1000.0,0.0,0.0,1,39,Breakeven
NFLX,1d,Bullish,2022-05-11,2022-05-12,17.43,57.3691,1000.0,-50.0,-5.0,1,1,Loss
PSA,1d,Bullish,2022-05-18,2022-05-19,309.77,3.2282,1000.0,0.0,0.0,1,15,Breakeven
VLO,3d,Bearish,2022-06-06,2022-06-09,140.51,7.1169,1000.0,166.49,16.65,3,93,Win
PLD,1d,Bullish,2022-06-13,2022-06-14,110.66,9.0367,1000.0,129.14,12.91,3,56,Win
ALGN,3d,Bullish,2022-06-15,2022-06-21,251.12,3.9822,1000.0,-50.0,-5.0,1,1,Loss
TROW,1w,Bullish,2022-06-19,2022-06-26,121.5,8.2305,1000.0,-50.0,-5.0,1,3,Loss
NFLX,1w,Bullish,2022-06-19,2022-06-26,19.08,52.3972,1000.0,-50.0,-5.0,1,2,Loss
DOW,1d,Bullish,2022-07-14,2022-07-15,49.55,20.1816,1000.0,72.62,7.26,2,34,Win
CAH,1d,Bearish,2022-09-01,2022-09-02,70.99,14.0865,1000.0,0.0,0.0,1,27,Breakeven
ESS,1d,Bullish,2022-10-07,2022-10-10,221.44,4.5159,1000.0,0.0,0.0,1,14,Breakeven
O,1d,Bullish,2022-10-14,2022-10-17,57.49,17.3943,1000.0,99.32,9.93,2,103,Win
DD,1d,Bearish,2022-11-23,2022-11-25,29.81,33.5439,1000.0,0.0,0.0,1,29,Breakeven
UHS,1d,Bearish,2022-12-21,2022-12-22,140.99,7.0927,1000.0,-50.0,-5.0,1,9,Loss
WST,1d,Bearish,2023-03-03,2023-03-06,323.4,3.0921,1000.0,-50.0,-5.0,1,17,Loss
GE,3d,Bearish,2023-04-29,2023-05-02,79.27,12.6158,1000.0,-50.0,-5.0,1,14,Loss
CCEP,1d,Bearish,2023-05-16,2023-05-17,66.29,15.0852,1000.0,0.0,0.0,1,21,Breakeven
CMG,3d,Bearish,2023-05-17,2023-05-20,42.04,23.7875,1000.0,121.43,12.14,2,102,Win
CMA,1w,Bullish,2023-05-14,2023-05-21,38.34,26.0824,1000.0,0.0,0.0,1,4,Breakeven
CMG,1d,Bearish,2023-05-19,2023-05-22,42.04,23.7875,1000.0,114.23,11.42,2,104,Win
ISRG,1d,Bearish,2023-05-22,2023-05-23,301.44,3.3174,1000.0,-50.0,-5.0,1,9,Loss
APP,1d,Bearish,2023-06-05,2023-06-06,23.3,42.9185,1000.0,-50.0,-5.0,1,1,Loss
SMCI,1d,Bearish,2023-06-09,2023-06-12,25.86,38.6623,1000.0,68.9,6.89,2,14,Win
AVGO,1d,Bearish,2023-06-14,2023-06-15,88.34,11.3195,1000.0,0.0,0.0,1,18,Breakeven
LYV,1d,Bearish,2023-06-15,2023-06-16,90.18,11.0889,1000.0,-50.0,-5.0,1,20,Loss
NVDA,1d,Bearish,2023-06-20,2023-06-21,43.04,23.2315,1000.0,0.0,0.0,1,10,Breakeven
VRSK,3d,Bearish,2023-06-19,2023-06-22,224.35,4.4573,1000.0,-50.0,-5.0,1,23,Loss
META,1d,Bearish,2023-06-23,2023-06-26,278.47,3.5911,1000.0,-50.0,-5.0,1,7,Loss
RSG,3d,Bearish,2023-06-28,2023-07-01,151.4,6.605,1000.0,0.0,0.0,1,87,Breakeven
LLY,3d,Bearish,2023-06-28,2023-07-01,461.42,2.1672,1000.0,0.0,0.0,1,13,Breakeven
CCL,1d,Bearish,2023-07-10,2023-07-11,18.9,52.9101,1000.0,132.14,13.21,3,105,Win
PHM,1d,Bearish,2023-07-14,2023-07-17,81.7,12.2399,1000.0,0.0,0.0,1,7,Breakeven
MDB,3d,Bearish,2023-07-16,2023-07-19,409.78,2.4403,1000.0,-50.0,-5.0,1,1,Loss
ADBE,1d,Bearish,2023-07-18,2023-07-19,527.17,1.8969,1000.0,-50.0,-5.0,1,32,Loss
ADBE,3d,Bearish,2023-07-16,2023-07-19,520.23,1.9222,1000.0,-50.0,-5.0,1,9,Loss
NFLX,3d,Bearish,2023-07-16,2023-07-19,42.75,23.3918,1000.0,-50.0,-5.0,1,1,Loss
T,3d,Bullish,2023-07-16,2023-07-19,14.76,67.7507,1000.0,-50.0,-5.0,1,13,Loss
BRO,1d,Bearish,2023-07-25,2023-07-26,71.65,13.9567,1000.0,0.0,0.0,1,75,Breakeven
STE,1d,Bearish,2023-07-25,2023-07-26,231.86,4.3129,1000.0,-50.0,-5.0,1,6,Loss
IQV,1d,Bearish,2023-07-26,2023-07-27,224.56,4.4532,1000.0,134.28,13.43,3,78,Win
RCL,3d,Bearish,2023-07-25,2023-07-28,108.57,9.2106,1000.0,125.24,12.52,3,76,Win
SMCI,3d,Bearish,2023-08-06,2023-08-09,25.44,39.3035,1000.0,-50.0,-5.0,1,1,Loss
CEG,1d,Bearish,2023-08-23,2023-08-24,106.92,9.3528,1000.0,-50.0,-5.0,1,15,Loss
EW,1d,Bullish,2023-08-24,2023-08-25,76.17,13.1285,1000.0,-50.0,-5.0,1,16,Loss
CHTR,1d,Bearish,2023-08-29,2023-08-30,439.51,2.2753,1000.0,0.0,0.0,1,8,Breakeven
APP,1d,Bearish,2023-08-31,2023-09-01,43.19,23.1535,1000.0,0.0,0.0,1,11,Breakeven
XEL,1d,Bullish,2023-09-05,2023-09-06,56.34,17.7494,1000.0,0.0,0.0,1,17,Breakeven
NSC,1d,Bullish,2023-09-08,2023-09-11,195.97,5.1028,1000.0,0.0,0.0,1,13,Breakeven
PODD,1d,Bullish,2023-09-25,2023-09-26,159.29,6.2779,1000.0,-50.0,-5.0,1,7,Loss
UPS,1d,Bullish,2023-09-26,2023-09-27,152.41,6.5612,1000.0,-50.0,-5.0,1,22,Loss
RTX,1d,Bullish,2023-10-05,2023-10-06,69.77,14.3328,1000.0,184.64,18.46,3,101,Win
ABT,1d,Bullish,2023-10-12,2023-10-13,90.87,11.0047,1000.0,184.96,18.5,3,101,Win
CME,3d,Bearish,2023-10-11,2023-10-14,218.82,4.57,1000.0,66.23,6.62,2,84,Win
LLY,1w,Bearish,2023-10-15,2023-10-22,584.64,1.7105,1000.0,0.0,0.0,1,9,Breakeven
CBRE,1d,Bullish,2023-10-25,2023-10-26,66.46,15.0466,1000.0,241.43,24.14,3,102,Win
KEYS,3d,Bullish,2023-10-26,2023-10-29,122.05,8.1934,1000.0,166.03,16.6,3,102,Win
PLD,1d,Bullish,2023-10-27,2023-10-30,98.88,10.1133,1000.0,182.87,18.29,3,103,Win
INVH,1d,Bullish,2023-10-27,2023-10-30,29.27,34.1647,1000.0,147.65,14.77,3,67,Win
DAL,1d,Bullish,2023-10-27,2023-10-30,31.23,32.0205,1000.0,247.51,24.75,3,103,Win
MDT,1d,Bullish,2023-10-27,2023-10-30,69.97,14.2918,1000.0,174.54,17.45,3,103,Win
HD,1d,Bullish,2023-10-27,2023-10-30,281.48,3.5527,1000.0,199.63,19.96,3,103,Win
O,1d,Bullish,2023-10-30,2023-10-31,47.38,21.106,1000.0,130.32,13.03,3,72,Win
CPT,1d,Bullish,2023-10-30,2023-10-31,84.88,11.7813,1000.0,129.77,12.98,2,103,Win
FMC,1d,Bullish,2023-11-01,2023-11-02,54.69,18.2849,1000.0,-50.0,-5.0,1,1,Loss
ENPH,1d,Bullish,2023-11-09,2023-11-10,77.98,12.8238,1000.0,-50.0,-5.0,1,1,Loss
ILMN,1d,Bullish,2023-11-13,2023-11-14,94.83,10.5447,1000.0,239.68,23.97,3,51,Win
HAS,1d,Bullish,2023-11-13,2023-11-14,45.12,22.1631,1000.0,67.53,6.75,2,43,Win
ILMN,3d,Bullish,2023-11-16,2023-11-19,93.36,10.7117,1000.0,259.32,25.93,3,47,Win
MSI,1d,Bearish,2023-12-12,2023-12-13,326.94,3.0587,1000.0,0.0,0.0,1,25,Breakeven
RSG,1d,Bearish,2023-12-13,2023-12-14,162.69,6.1467,1000.0,-50.0,-5.0,1,29,Loss
SPGI,1d,Bearish,2023-12-14,2023-12-15,435.78,2.2947,1000.0,-50.0,-5.0,1,36,Loss
EMN,1d,Bearish,2023-12-14,2023-12-15,88.47,11.3033,1000.0,0.0,0.0,1,53,Breakeven
MMM,1d,Bearish,2023-12-14,2023-12-15,89.45,11.1797,1000.0,65.85,6.58,2,60,Win
PDD,1d,Bearish,2023-12-19,2023-12-20,146.43,6.8292,1000.0,131.45,13.14,3,62,Win
CRM,1d,Bearish,2023-12-21,2023-12-22,266.34,3.7546,1000.0,0.0,0.0,1,12,Breakeven
QRVO,1d,Bearish,2023-12-27,2023-12-28,114.18,8.7581,1000.0,67.02,6.7,2,28,Win
CTAS,1d,Bearish,2023-12-27,2023-12-28,150.27,6.6546,1000.0,-50.0,-5.0,1,39,Loss
ESS,1d,Bearish,2023-12-28,2023-12-29,247.94,4.0332,1000.0,0.0,0.0,1,69,Breakeven
TMUS,1d,Bearish,2024-01-08,2024-01-09,163.2,6.1275,1000.0,-50.0,-5.0,1,100,Loss
SPG,3d,Bearish,2024-01-12,2024-01-15,142.12,7.0363,1000.0,-50.0,-5.0,1,24,Loss
HD,3d,Bearish,2024-01-18,2024-01-21,350.78,2.8508,1000.0,-50.0,-5.0,1,16,Loss
TMUS,1d,Bearish,2024-01-19,2024-01-22,164.38,6.0835,1000.0,-50.0,-5.0,1,92,Loss
ABBV,1d,Bearish,2024-01-23,2024-01-24,164.22,6.0894,1000.0,-50.0,-5.0,1,8,Loss
QCOM,1d,Bearish,2024-01-25,2024-01-26,150.72,6.6348,1000.0,0.0,0.0,1,11,Breakeven
COF,3d,Bearish,2024-01-24,2024-01-27,138.48,7.2213,1000.0,-50.0,-5.0,1,43,Loss
PTC,1d,Bearish,2024-01-29,2024-01-30,184.05,5.4333,1000.0,-50.0,-5.0,1,37,Loss
PTC,3d,Bearish,2024-01-27,2024-01-30,179.4,5.5741,1000.0,-50.0,-5.0,1,23,Loss
C,1d,Bearish,2024-01-30,2024-01-31,56.17,17.8031,1000.0,0.0,0.0,1,16,Breakeven
BK,1d,Bearish,2024-01-30,2024-01-31,55.46,18.031,1000.0,-50.0,-5.0,1,45,Loss
AMGN,3d,Bearish,2024-01-30,2024-02-02,323.19,3.0942,1000.0,65.6,6.56,2,64,Win
AMGN,1d,Bearish,2024-02-01,2024-02-02,323.19,3.0942,1000.0,65.6,6.56,2,64,Win
MRK,1d,Bearish,2024-02-07,2024-02-08,126.61,7.8983,1000.0,-50.0,-5.0,1,34,Loss
ABBV,1d,Bearish,2024-02-07,2024-02-08,174.79,5.7212,1000.0,65.72,6.57,2,84,Win
CRWD,3d,Bearish,2024-02-08,2024-02-11,322.44,3.1014,1000.0,0.0,0.0,1,10,Breakeven
NOW,3d,Bearish,2024-02-08,2024-02-11,773.76,1.2924,1000.0,-50.0,-5.0,1,1,Loss
NOW,1d,Bearish,2024-02-09,2024-02-12,787.35,1.2701,1000.0,0.0,0.0,1,8,Breakeven
NFLX,1d,Bearish,2024-02-15,2024-02-16,58.4,17.1248,1000.0,-50.0,-5.0,1,10,Loss
CHRW,1d,Bullish,2024-02-20,2024-02-21,72.5,13.7931,1000.0,0.0,0.0,1,29,Breakeven
WRB,1d,Bearish,2024-02-22,2024-02-23,56.87,17.5829,1000.0,65.76,6.58,2,100,Win
TRV,1d,Bearish,2024-02-22,2024-02-23,220.96,4.5257,1000.0,-50.0,-5.0,1,29,Loss
SYK,1d,Bearish,2024-02-23,2024-02-26,352.46,2.8372,1000.0,34.16,3.42,1,104,Win
MRK,1d,Bearish,2024-02-23,2024-02-26,128.84,7.7616,1000.0,0.0,0.0,1,23,Breakeven
CB,1d,Bearish,2024-02-23,2024-02-26,254.84,3.924,1000.0,-50.0,-5.0,1,58,Loss
FTV,1d,Bearish,2024-02-28,2024-02-29,64.15,15.5879,1000.0,136.38,13.64,2,103,Win
NFLX,3d,Bearish,2024-02-29,2024-03-03,59.85,16.7084,1000.0,-50.0,-5.0,1,13,Loss
CBOE,1w,Bearish,2024-02-25,2024-03-03,187.02,5.347,1000.0,66.92,6.69,2,95,Win
DLTR,3d,Bearish,2024-03-03,2024-03-06,147.91,6.7609,1000.0,197.78,19.78,3,104,Win
ETN,1d,Bearish,2024-03-07,2024-03-08,297.49,3.3615,1000.0,-50.0,-5.0,1,10,Loss
AMD,3d,Bearish,2024-03-06,2024-03-09,198.39,5.0406,1000.0,132.63,13.26,3,82,Win
IBM,3d,Bearish,2024-03-06,2024-03-09,191.73,5.2157,1000.0,74.51,7.45,2,88,Win
DVA,1d,Bearish,2024-03-12,2024-03-13,138.27,7.2322,1000.0,0.0,0.0,1,33,Breakeven
PGR,1d,Bearish,2024-03-18,2024-03-19,205.49,4.8664,1000.0,-50.0,-5.0,1,24,Loss
TSCO,1d,Bearish,2024-03-21,2024-03-22,52.59,19.0136,1000.0,0.0,0.0,1,24,Breakeven
IEX,1d,Bearish,2024-03-21,2024-03-22,243.87,4.1005,1000.0,153.74,15.37,3,102,Win
FAST,1d,Bearish,2024-03-21,2024-03-22,39.05,25.6082,1000.0,128.87,12.89,3,80,Win
GWW,3d,Bearish,2024-03-21,2024-03-24,1005.37,1.0,1005.37,73.49,7.31,2,78,Win
BLDR,3d,Bearish,2024-03-21,2024-03-24,207.04,4.83,1000.0,69.31,6.93,2,30,Win
ETN,1d,Bearish,2024-03-22,2024-03-25,311.88,3.2064,1000.0,-50.0,-5.0,1,9,Loss
AZO,1d,Bearish,2024-03-22,2024-03-25,3170.82,1.0,3170.82,222.55,7.02,2,86,Win
AXON,3d,Bearish,2024-03-24,2024-03-27,312.88,3.1961,1000.0,-50.0,-5.0,1,11,Loss
RSG,1d,Bearish,2024-03-27,2024-03-28,191.44,5.2236,1000.0,0.0,0.0,1,56,Breakeven
LDOS,3d,Bearish,2024-03-27,2024-03-30,130.42,7.6675,1000.0,0.0,0.0,1,20,Breakeven
IR,3d,Bearish,2024-03-27,2024-03-30,93.62,10.6815,1000.0,0.0,0.0,1,20,Breakeven
CL,3d,Bearish,2024-03-27,2024-03-30,89.06,11.2284,1000.0,-50.0,-5.0,1,27,Loss
WRB,3d,Bearish,2024-03-27,2024-03-30,58.33,17.1448,1000.0,70.09,7.01,2,76,Win
PH,3d,Bearish,2024-04-05,2024-04-08,555.37,1.8006,1000.0,0.0,0.0,1,69,Breakeven
TRV,3d,Bearish,2024-04-05,2024-04-08,224.38,4.4567,1000.0,65.16,6.52,2,69,Win
APH,3d,Bearish,2024-04-05,2024-04-08,57.38,17.4277,1000.0,-50.0,-5.0,1,15,Loss
CEG,3d,Bearish,2024-04-05,2024-04-08,191.08,5.2334,1000.0,0.0,0.0,1,13,Breakeven
PGR,1d,Bearish,2024-04-05,2024-04-08,210.39,4.7531,1000.0,-50.0,-5.0,1,69,Loss
APO,1w,Bearish,2024-04-07,2024-04-14,110.13,9.0802,1000.0,-50.0,-5.0,1,30,Loss
BA,1d,Bullish,2024-04-24,2024-04-25,166.81,5.9948,1000.0,69.37,6.94,2,21,Win
TRGP,3d,Bearish,2024-04-23,2024-04-26,116.86,8.5572,1000.0,-50.0,-5.0,1,37,Loss
ROST,1d,Bullish,2024-05-02,2024-05-03,130.84,7.6429,1000.0,130.77,13.08,2,102,Win
RTX,3d,Bearish,2024-05-08,2024-05-11,105.8,9.4518,1000.0,0.0,0.0,1,50,Breakeven
CL,3d,Bearish,2024-05-08,2024-05-11,94.46,10.5865,1000.0,-50.0,-5.0,1,45,Loss
CTAS,1w,Bearish,2024-05-12,2024-05-19,173.04,5.7792,1000.0,-50.0,-5.0,1,39,Loss
TSCO,3d,Bearish,2024-05-17,2024-05-20,56.55,17.6828,1000.0,0.0,0.0,1,20,Breakeven
TT,3d,Bearish,2024-05-23,2024-05-26,328.31,3.0459,1000.0,-50.0,-5.0,1,16,Loss
LULU,3d,Bullish,2024-05-26,2024-05-29,311.99,3.2052,1000.0,-50.0,-5.0,1,1,Loss
AES,1d,Bearish,2024-05-30,2024-05-31,21.59,46.3177,1000.0,130.26,13.03,3,75,Win
NEE,1d,Bearish,2024-05-31,2024-06-03,77.71,12.8684,1000.0,65.25,6.52,2,28,Win
NVDA,1w,Bearish,2024-06-16,2024-06-23,126.57,7.9008,1000.0,0.0,0.0,1,3,Breakeven
COST,3d,Bearish,2024-07-07,2024-07-10,842.9,1.1864,1000.0,-50.0,-5.0,1,1,Loss
NTAP,1d,Bearish,2024-07-10,2024-07-11,131.46,7.6069,1000.0,75.28,7.53,2,25,Win
ARM,1w,Bearish,2024-07-07,2024-07-14,181.18,5.5194,1000.0,133.59,13.36,3,65,Win
COST,1w,Bearish,2024-07-07,2024-07-14,842.9,1.1864,1000.0,-50.0,-5.0,1,28,Loss
FDX,1d,Bearish,2024-07-16,2024-07-17,310.43,3.2213,1000.0,67.02,6.7,2,46,Win
BBWI,1d,Bullish,2024-07-25,2024-07-26,34.17,29.2654,1000.0,0.0,0.0,1,6,Breakeven
PNC,1d,Bearish,2024-07-30,2024-07-31,181.1,5.5218,1000.0,0.0,0.0,1,21,Breakeven
MCK,3d,Bearish,2024-07-31,2024-08-03,612.95,1.6315,1000.0,132.41,13.24,3,68,Win
LULU,1d,Bullish,2024-08-05,2024-08-06,236.9,4.2212,1000.0,65.02,6.5,2,26,Win
O,1d,Bearish,2024-08-09,2024-08-12,60.31,16.581,1000.0,-50.0,-5.0,1,18,Loss
CBRE,3d,Bearish,2024-08-21,2024-08-24,116.72,8.5675,1000.0,-50.0,-5.0,1,18,Loss
IRM,1d,Bearish,2024-08-27,2024-08-28,112.3,8.9047,1000.0,-50.0,-5.0,1,13,Loss
MRNA,1d,Bullish,2024-09-04,2024-09-05,73.44,13.6166,1000.0,0.0,0.0,1,6,Breakeven
MDT,1d,Bearish,2024-09-04,2024-09-05,89.39,11.1869,1000.0,67.35,6.74,2,92,Win
VLTO,1w,Bearish,2024-09-01,2024-09-08,108.72,9.1979,1000.0,-50.0,-5.0,1,25,Loss
PNW,3d,Bearish,2024-09-14,2024-09-17,89.02,11.2334,1000.0,-50.0,-5.0,1,48,Loss
DUK,3d,Bearish,2024-09-14,2024-09-17,115.14,8.6851,1000.0,-50.0,-5.0,1,25,Loss
AEP,3d,Bearish,2024-09-14,2024-09-17,101.74,9.829,1000.0,68.22,6.82,2,86,Win
NI,1d,Bearish,2024-10-01,2024-10-02,34.68,28.8351,1000.0,-50.0,-5.0,1,32,Loss
AFL,3d,Bearish,2024-10-02,2024-10-05,111.84,8.9413,1000.0,0.0,0.0,1,30,Breakeven
ORCL,1d,Bearish,2024-10-09,2024-10-10,175.41,5.7009,1000.0,-50.0,-5.0,1,21,Loss
ORCL,3d,Bearish,2024-10-11,2024-10-14,174.77,5.7218,1000.0,-50.0,-5.0,1,19,Loss
FTNT,3d,Bearish,2024-10-11,2024-10-14,82.12,12.1773,1000.0,0.0,0.0,1,19,Breakeven
DAL,1d,Bearish,2024-10-16,2024-10-17,55.26,18.0963,1000.0,-50.0,-5.0,1,10,Loss
J,1d,Bearish,2024-10-18,2024-10-21,142.12,7.0364,1000.0,0.0,0.0,1,72,Breakeven
LYV,1d,Bearish,2024-10-29,2024-10-30,117.2,8.5324,1000.0,-50.0,-5.0,1,6,Loss
AMP,1d,Bearish,2024-11-06,2024-11-07,547.61,1.8261,1000.0,-50.0,-5.0,1,12,Loss
MTB,1d,Bearish,2024-11-06,2024-11-07,208.11,4.8052,1000.0,-50.0,-5.0,1,11,Loss
MSI,3d,Bearish,2024-11-07,2024-11-10,497.45,2.0103,1000.0,162.87,16.29,3,101,Win
WAB,3d,Bearish,2024-11-07,2024-11-10,199.28,5.0181,1000.0,0.0,0.0,1,44,Breakeven
MSI,1d,Bearish,2024-11-08,2024-11-11,496.96,2.0122,1000.0,150.74,15.07,3,102,Win
BLK,1d,Bearish,2024-11-11,2024-11-12,1036.35,1.0,1036.35,0.0,0.0,1,51,Breakeven
APO,1d,Bearish,2024-11-11,2024-11-12,163.75,6.1069,1000.0,-50.0,-5.0,1,10,Loss
FI,1d,Bearish,2024-11-11,2024-11-12,214.06,4.6716,1000.0,0.0,0.0,1,52,Breakeven
HON,1d,Bearish,2024-11-12,2024-11-13,219.67,4.5523,1000.0,149.99,15.0,3,102,Win
QRVO,1d,Bullish,2024-11-13,2024-11-14,66.3,15.083,1000.0,0.0,0.0,1,16,Breakeven
CSCO,1d,Bearish,2024-11-13,2024-11-14,57.92,17.2652,1000.0,-50.0,-5.0,1,43,Loss
TMUS,1d,Bearish,2024-11-13,2024-11-14,237.75,4.2061,1000.0,68.35,6.84,2,50,Win
DLTR,1w,Bullish,2024-11-10,2024-11-17,64.2,15.5763,1000.0,71.85,7.18,2,71,Win
IFF,1d,Bullish,2024-11-15,2024-11-18,86.61,11.546,1000.0,0.0,0.0,1,19,Breakeven
LLY,1d,Bullish,2024-11-18,2024-11-19,729.73,1.3704,1000.0,72.28,7.23,2,37,Win
KDP,1d,Bullish,2024-11-18,2024-11-19,31.52,31.7259,1000.0,0.0,0.0,1,31,Breakeven
CDW,1d,Bullish,2024-11-19,2024-11-20,175.99,5.6821,1000.0,67.02,6.7,2,65,Win
APTV,1d,Bullish,2024-11-19,2024-11-20,52.59,19.015,1000.0,134.29,13.43,3,49,Win
BKR,1d,Bearish,2024-11-21,2024-11-22,44.25,22.5989,1000.0,65.28,6.53,2,29,Win
MS,3d,Bearish,2024-11-19,2024-11-22,134.69,7.4245,1000.0,65.67,6.57,2,35,Win
AME,1d,Bearish,2024-11-22,2024-11-25,197.12,5.0731,1000.0,68.19,6.82,2,65,Win
SNA,1d,Bearish,2024-11-26,2024-11-27,369.23,2.7083,1000.0,146.89,14.69,3,101,Win
PAYC,1d,Bearish,2024-11-26,2024-11-27,234.99,4.2555,1000.0,69.26,6.93,2,82,Win
FICO,1d,Bearish,2024-11-26,2024-11-27,2354.0,1.0,2354.0,370.29,15.73,3,101,Win
ETR,3d,Bearish,2024-11-25,2024-11-28,78.08,12.8066,1000.0,0.0,0.0,1,31,Breakeven
BK,3d,Bearish,2024-11-28,2024-12-01,80.85,12.3686,1000.0,0.0,0.0,1,30,Breakeven
DLR,3d,Bearish,2024-11-28,2024-12-01,191.07,5.2337,1000.0,65.11,6.51,2,34,Win
FICO,3d,Bearish,2024-11-28,2024-12-01,2345.32,1.0,2345.32,365.75,15.59,3,101,Win
PKG,1d,Bearish,2024-11-29,2024-12-02,244.8,4.085,1000.0,174.96,17.5,3,102,Win
CRM,1d,Bearish,2024-12-04,2024-12-05,361.38,2.7672,1000.0,65.43,6.54,2,34,Win
EMR,1d,Bearish,2024-12-04,2024-12-05,133.15,7.5103,1000.0,72.12,7.21,2,30,Win
AXON,1d,Bearish,2024-12-05,2024-12-06,687.69,1.4541,1000.0,71.52,7.15,2,37,Win
DDOG,1d,Bearish,2024-12-06,2024-12-09,161.19,6.2039,1000.0,188.52,18.85,3,102,Win
PAYC,3d,Bearish,2024-12-10,2024-12-13,234.5,4.2644,1000.0,68.33,6.83,2,71,Win
MDLZ,1d,Bullish,2024-12-19,2024-12-20,59.39,16.8379,1000.0,-50.0,-5.0,1,13,Loss
REGN,3d,Bullish,2024-12-19,2024-12-22,714.47,1.3996,1000.0,-50.0,-5.0,1,13,Loss
STLD,1d,Bullish,2025-01-02,2025-01-03,113.15,8.8378,1000.0,128.09,12.81,3,40,Win
AVY,1d,Bullish,2025-01-02,2025-01-03,185.09,5.4028,1000.0,0.0,0.0,1,18,Breakeven
LHX,1d,Bullish,2025-01-07,2025-01-08,207.15,4.8274,1000.0,0.0,0.0,1,15,Breakeven
URI,1d,Bullish,2025-01-08,2025-01-10,670.94,1.4904,1000.0,67.58,6.76,2,29,Win
AAL,3d,Bearish,2025-01-09,2025-01-12,18.21,54.9149,1000.0,229.54,22.95,3,60,Win
GIS,3d,Bullish,2025-01-09,2025-01-12,58.78,17.0126,1000.0,-50.0,-5.0,1,25,Loss
IR,1d,Bullish,2025-01-10,2025-01-13,88.18,11.3404,1000.0,0.0,0.0,1,24,Breakeven
EMN,1d,Bullish,2025-01-10,2025-01-13,89.12,11.2208,1000.0,74.08,7.41,2,42,Win
NDSN,1d,Bullish,2025-01-10,2025-01-13,203.83,4.906,1000.0,0.0,0.0,1,42,Breakeven
BIIB,3d,Bullish,2025-01-15,2025-01-21,143.67,6.9604,1000.0,-50.0,-5.0,1,17,Loss
KMI,3d,Bearish,2025-01-21,2025-01-24,30.27,33.036,1000.0,94.98,9.5,2,102,Win
KMI,1w,Bearish,2025-01-19,2025-01-26,30.27,33.036,1000.0,86.23,8.62,2,103,Win
ETR,3d,Bearish,2025-01-24,2025-01-27,79.24,12.6199,1000.0,-50.0,-5.0,1,8,Loss
PCG,1d,Bullish,2025-02-03,2025-02-04,15.18,65.8762,1000.0,0.0,0.0,1,10,Breakeven
ABT,1d,Bearish,2025-02-05,2025-02-06,128.22,7.7991,1000.0,-50.0,-5.0,1,11,Loss
TEAM,3d,Bearish,2025-02-08,2025-02-11,316.0,3.1646,1000.0,193.96,19.4,3,103,Win
TEAM,1w,Bearish,2025-02-09,2025-02-16,313.1,3.1939,1000.0,214.71,21.47,3,102,Win
JPM,1d,Bearish,2025-02-18,2025-02-19,279.25,3.581,1000.0,138.67,13.87,3,52,Win
FI,1d,Bearish,2025-02-19,2025-02-20,234.43,4.2657,1000.0,187.88,18.79,3,103,Win
APP,1w,Bearish,2025-02-16,2025-02-23,415.31,2.4078,1000.0,177.25,17.72,3,56,Win
WMT,1w,Bearish,2025-02-16,2025-02-23,94.78,10.5507,1000.0,65.54,6.55,2,35,Win
NFLX,1w,Bearish,2025-02-16,2025-02-23,100.31,9.9686,1000.0,70.84,7.08,2,21,Win
TMUS,1w,Bearish,2025-02-16,2025-02-23,265.17,3.7712,1000.0,0.0,0.0,1,36,Breakeven
LYV,1w,Bearish,2025-02-16,2025-02-23,149.4,6.6934,1000.0,-50.0,-5.0,1,1,Loss
FOX,1d,Bearish,2025-02-24,2025-02-25,53.28,18.7688,1000.0,72.81,7.28,2,25,Win
FOXA,1d,Bearish,2025-02-24,2025-02-25,56.91,17.5716,1000.0,66.57,6.66,2,22,Win
CE,3d,Bullish,2025-03-01,2025-03-04,55.22,18.1094,1000.0,-50.0,-5.0,1,1,Loss
WELL,1d,Bearish,2025-03-03,2025-03-04,153.9,6.4977,1000.0,0.0,0.0,1,20,Breakeven
HWM,1w,Bearish,2025-03-02,2025-03-09,124.4,8.0386,1000.0,-50.0,-5.0,1,8,Loss
BK,1w,Bearish,2025-03-02,2025-03-09,85.84,11.6496,1000.0,0.0,0.0,1,12,Breakeven
ETR,1w,Bearish,2025-03-02,2025-03-09,81.33,12.2956,1000.0,-50.0,-5.0,1,6,Loss
WELL,1w,Bearish,2025-03-02,2025-03-09,147.45,6.782,1000.0,-50.0,-5.0,1,18,Loss
NI,1w,Bearish,2025-03-02,2025-03-09,38.5,25.974,1000.0,-50.0,-5.0,1,16,Loss
FI,1w,Bearish,2025-03-02,2025-03-09,218.04,4.5863,1000.0,66.48,6.65,2,23,Win
T,1w,Bearish,2025-03-30,2025-04-06,26.64,37.5375,1000.0,-50.0,-5.0,1,21,Loss
TFC,1d,Bullish,2025-04-04,2025-04-07,35.14,28.4576,1000.0,0.0,0.0,1,4,Breakeven
DXCM,1d,Bullish,2025-04-04,2025-04-07,61.63,16.2259,1000.0,-50.0,-5.0,1,1,Loss
TTD,3d,Bullish,2025-04-06,2025-04-09,49.78,20.0884,1000.0,-50.0,-5.0,1,1,Loss
TTD,1d,Bullish,2025-04-08,2025-04-09,54.12,18.4775,1000.0,-50.0,-5.0,1,1,Loss
DAL,1d,Bullish,2025-04-08,2025-04-09,44.27,22.5887,1000.0,-50.0,-5.0,1,1,Loss
FITB,1d,Bullish,2025-04-08,2025-04-09,35.82,27.9174,1000.0,-50.0,-5.0,1,1,Loss
TROW,1d,Bullish,2025-04-08,2025-04-09,90.16,11.0914,1000.0,-50.0,-5.0,1,1,Loss
TER,1d,Bullish,2025-04-08,2025-04-09,79.44,12.5881,1000.0,-50.0,-5.0,1,1,Loss
ACN,1d,Bullish,2025-04-08,2025-04-09,299.94,3.334,1000.0,-50.0,-5.0,1,1,Loss
HPE,3d,Bullish,2025-04-06,2025-04-09,14.14,70.7214,1000.0,-50.0,-5.0,1,1,Loss
IT,1d,Bullish,2025-04-08,2025-04-09,406.13,2.4623,1000.0,-50.0,-5.0,1,1,Loss
CSX,1d,Bullish,2025-04-08,2025-04-09,28.66,34.8918,1000.0,-50.0,-5.0,1,1,Loss
MAR,1d,Bullish,2025-04-08,2025-04-09,233.39,4.2847,1000.0,-50.0,-5.0,1,1,Loss
LULU,1d,Bullish,2025-04-08,2025-04-09,273.84,3.6518,1000.0,-50.0,-5.0,1,1,Loss
PNR,3d,Bullish,2025-04-06,2025-04-09,82.19,12.1669,1000.0,-50.0,-5.0,1,1,Loss
RF,1d,Bullish,2025-04-08,2025-04-09,20.0,50.0,1000.0,-50.0,-5.0,1,1,Loss
ILMN,3d,Bullish,2025-04-06,2025-04-09,74.78,13.3726,1000.0,-50.0,-5.0,1,1,Loss
HLT,1d,Bullish,2025-04-08,2025-04-09,218.65,4.5735,1000.0,-50.0,-5.0,1,1,Loss
AAL,1d,Bullish,2025-04-08,2025-04-09,11.12,89.9281,1000.0,-50.0,-5.0,1,1,Loss
SWKS,3d,Bullish,2025-04-06,2025-04-09,56.54,17.6866,1000.0,-50.0,-5.0,1,1,Loss
CE,1w,Bullish,2025-04-13,2025-04-20,40.09,24.9439,1000.0,238.64,23.86,3,51,Win
GPN,1d,Bullish,2025-04-21,2025-04-22,71.39,14.0076,1000.0,127.57,12.76,3,71,Win
MCHP,1d,Bearish,2025-06-11,2025-06-12,67.93,14.721,1000.0,-50.0,-5.0,1,8,Loss
LHX,1d,Bearish,2025-06-13,2025-06-16,247.77,4.036,1000.0,-50.0,-5.0,1,17,Loss
HWM,3d,Bearish,2025-06-26,2025-06-29,176.22,5.6747,1000.0,-50.0,-5.0,1,1,Loss
HWM,1d,Bearish,2025-06-30,2025-07-01,176.22,5.6747,1000.0,-50.0,-5.0,1,1,Loss
APH,1d,Bearish,2025-07-03,2025-07-07,98.55,10.1471,1000.0,-50.0,-5.0,1,10,Loss
ORCL,1d,Bearish,2025-07-03,2025-07-07,232.26,4.3055,1000.0,-50.0,-5.0,1,9,Loss
ROK,1d,Bearish,2025-07-03,2025-07-07,338.93,2.9505,1000.0,-50.0,-5.0,1,9,Loss
ORCL,1d,Bearish,2025-07-17,2025-07-18,245.45,4.0741,1000.0,-50.0,-5.0,1,10,Loss
TXT,1d,Bearish,2025-07-23,2025-07-24,80.93,12.3564,1000.0,-50.0,-5.0,1,1,Loss
HWM,1w,Bearish,2025-07-20,2025-07-27,189.52,5.2765,1000.0,0.0,0.0,1,36,Breakeven
C,1d,Bearish,2025-07-25,2025-07-28,95.55,10.4657,1000.0,-50.0,-5.0,1,36,Loss
URI,1d,Bearish,2025-07-28,2025-07-29,882.24,1.1335,1000.0,-50.0,-5.0,1,12,Loss
LVS,1d,Bearish,2025-07-30,2025-07-31,52.4,19.084,1000.0,-50.0,-5.0,1,17,Loss
LVS,1d,Bearish,2025-08-13,2025-08-14,54.12,18.4775,1000.0,-50.0,-5.0,1,9,Loss
DOW,1w,Bullish,2025-08-10,2025-08-17,23.36,42.8082,1000.0,0.0,0.0,1,13,Breakeven
NOC,1d,Bearish,2025-08-21,2025-08-22,592.44,1.6879,1000.0,-50.0,-5.0,1,32,Loss
HCA,1d,Bearish,2025-09-05,2025-09-08,418.1,2.3918,1000.0,0.0,0.0,1,14,Breakeven
BWA,1d,Bearish,2025-09-08,2025-09-09,43.69,22.8885,1000.0,0.0,0.0,1,31,Breakeven
WBD,3d,Bearish,2025-09-21,2025-09-24,19.51,51.2558,1000.0,76.76,7.68,2,20,Win
LRCX,1d,Bearish,2025-10-06,2025-10-07,140.35,7.125,1000.0,-50.0,-5.0,1,1,Loss
MU,1d,Bearish,2025-10-08,2025-10-09,192.33,5.1994,1000.0,0.0,0.0,1,3,Breakeven
HPE,3d,Bearish,2025-10-06,2025-10-09,24.4,40.9836,1000.0,-50.0,-5.0,1,1,Loss
VZ,1d,Bullish,2025-10-23,2025-10-24,38.82,25.7599,1000.0,62.08,6.21,1,29,Win
T,1d,Bullish,2025-10-23,2025-10-24,25.14,39.7772,1000.0,8.15,0.82,1,29,Win
CAT,1d,Bearish,2025-10-29,2025-10-30,583.15,1.7148,1000.0,0.0,0.0,1,6,Breakeven
GLW,3d,Bearish,2025-10-27,2025-10-30,89.08,11.2259,1000.0,65.29,6.53,2,25,Win
CHRW,3d,Bearish,2025-10-30,2025-11-02,152.91,6.5398,1000.0,-50.0,-5.0,1,20,Loss
CTAS,3d,Bullish,2025-10-30,2025-11-02,184.11,5.4315,1000.0,-2.15,-0.22,1,23,Loss
STZ,3d,Bullish,2025-11-05,2025-11-08,128.47,7.7839,1000.0,68.54,6.85,1,18,Win
FDS,3d,Bullish,2025-11-05,2025-11-08,265.09,3.7723,1000.0,48.91,4.89,1,18,Win
TER,3d,Bearish,2025-11-08,2025-11-11,169.59,5.8966,1000.0,-50.0,-5.0,1,1,Loss
ISRG,1d,Bearish,2025-11-10,2025-11-11,572.17,1.7477,1000.0,5.37,0.54,1,17,Win
LRCX,3d,Bearish,2025-11-08,2025-11-11,153.32,6.5223,1000.0,-50.0,-5.0,1,1,Loss
ADP,1d,Bullish,2025-11-20,2025-11-21,253.12,3.9507,1000.0,25.88,2.59,1,9,Win
ZTS,1d,Bullish,2025-11-20,2025-11-21,122.06,8.1927,1000.0,0.0,0.0,1,8,Breakeven
FI,1d,Bullish,2025-11-20,2025-11-21,60.84,16.4366,1000.0,100.42,10.04,2,8,Win
FMC,1d,Bullish,2025-11-20,2025-11-21,12.75,78.4314,1000.0,76.47,7.65,2,9,Win
JNJ,3d,Bearish,2025-11-26,2025-11-29,205.34,4.87,1000.0,16.22,1.62,1,4,Win
LVS,1d,Bearish,2025-12-01,2025-12-02,68.51,14.5964,1000.0,33.13,3.31,1,3,Win
CHRW,3d,Bearish,2025-11-29,2025-12-02,159.54,6.268,1000.0,6.02,0.6,1,3,Win
