ticker,timeframe,signal_date,divergence_type,signal_close,entry_date,entry_price,first_peak_price,second_peak_price,first_peak_rsi,second_peak_rsi
AAL,1d,2025-04-08,Bullish,9.07,2025-04-09,11.12,10.67,9.07,16.372813692740152,24.93211195947309
AAL,3d,2025-01-09,Bearish,18.38,2025-01-12,18.21,17.4,18.38,85.54230579638767,75.22646478647066
ABBV,1d,2022-01-12,Bearish,137.28999,2022-01-13,133.52,135.92999,137.28999,79.86393969432946,76.31945703232027
ABBV,1d,2024-01-23,Bearish,167.5,2024-01-24,164.22,164.89,167.5,82.62355074798482,77.43522769358577
ABBV,1d,2024-02-07,Bearish,175.0099945,2024-02-08,174.78999,164.89,175.0099945,82.62355074798482,78.78331575541017
ABT,1d,2025-02-05,Bearish,132.059998,2025-02-06,128.22,129.42999,132.059998,79.80559120728302,76.98295550711623
ABT,1d,2023-10-12,Bullish,90.19,2023-10-13,90.87,95.53,90.19,22.071829865057722,24.21373670456596
ACN,1d,2021-07-27,Bearish,319.89001,2021-07-28,316.31,314.94,319.89001,79.23141330345929,75.59760369912325
ACN,1d,2025-04-08,Bullish,281.39001,2025-04-09,299.94,300.91,281.39001,19.939763247717124,24.526571787160464
ACN,1w,2022-01-02,Bearish,414.54999,2022-01-09,370.75,343.32999,414.54999,83.70225093530935,79.92941821566619
ADBE,1d,2023-07-18,Bearish,532.22998,2023-07-19,527.16998,495.17999,532.22998,82.05265689104148,77.93724861395265
ADBE,3d,2023-07-16,Bearish,532.22998,2023-07-19,520.22998,495.17999,532.22998,80.26538756551008,79.32763616949163
ADM,3d,2021-06-02,Bearish,68.77,2021-06-05,68.66,67.66,68.77,82.87017716442766,76.62982320968877
ADP,1d,2025-11-20,Bullish,249.059998,2025-11-21,253.12,252.36,249.059998,18.219196901636877,21.41245231903396
AEE,1d,2022-04-20,Bearish,98.51,2022-04-21,97.81,97.13,98.51,77.78884394194857,75.50937401590913
AEP,3d,2024-09-14,Bearish,104.95,2024-09-17,101.74,101.79,104.95,82.28410487075114,77.83541471070765
AES,1d,2024-05-30,Bearish,21.77,2024-05-31,21.59,21.28,21.77,81.23217966092912,75.36733458942507
AFL,1d,2022-02-08,Bearish,66.040001,2022-02-09,66.040001,64.059998,66.040001,78.21572356492446,75.78873224416616
AFL,1d,2022-02-09,Bearish,66.040001,2022-02-10,65.55,64.059998,66.040001,78.21572356492446,75.78873224416616
AFL,3d,2024-10-02,Bearish,115.26,2024-10-05,111.84,110.49,115.26,85.01673024634547,79.21450717770281
ALGN,3d,2022-06-15,Bullish,234.47,2022-06-21,251.12,259.53,234.47,20.318488753358977,23.75154232690514
AMD,3d,2024-03-06,Bearish,207.39,2024-03-09,198.39,177.83,207.39,77.4044302110645,77.37522063098912
AME,1d,2024-11-22,Bearish,197.38,2024-11-25,197.12,195.42,197.38,78.28013948053255,76.74457211388845
AMGN,1d,2024-02-01,Bearish,324.56,2024-02-02,323.19,310.88,324.56,81.6779242200927,77.38720855205219
AMGN,3d,2024-01-30,Bearish,324.56,2024-02-02,323.19,310.88,324.56,78.10092479202875,77.53480897282573
AMP,1d,2024-11-06,Bearish,567.42999,2024-11-07,547.60999,523.15997,567.42999,84.5787270210298,80.81510547761616
AMT,3d,2021-09-06,Bearish,303.62,2021-09-09,293.88,285.26001,303.62,78.24721336220279,76.99010220234896
APA,1d,2021-11-08,Bearish,30.66,2021-11-09,30.01,28.22,30.66,77.86758597087649,76.33676407384851
APH,1d,2025-07-03,Bearish,99.46,2025-07-07,98.55,94.6,99.46,81.52393426318808,75.96231266061001
APH,3d,2024-04-05,Bearish,58.69,2024-04-08,57.38,55.405,58.69,78.95760579124558,75.93496219749316
APO,1d,2024-11-11,Bearish,166.75,2024-11-12,163.75,146.28999,166.75,80.0861582726131,76.1418569629081
APO,1w,2021-10-24,Bearish,79.72,2021-10-31,76.95,64.23,79.72,80.27728019398877,78.1160401156558
APO,1w,2024-04-07,Bearish,114.67,2024-04-14,110.13,112.71,114.67,79.80661093016055,75.69909815004898
APP,1d,2023-06-05,Bearish,25.6,2023-06-06,23.3,25.12,25.6,84.97172023931547,78.08144112115764
APP,1d,2023-08-31,Bearish,43.22,2023-09-01,43.19,39.75,43.22,81.88553185429984,78.92916404389307
APP,1w,2025-02-16,Bearish,510.13,2025-02-23,415.31,401.5,510.13,95.70140441874767,81.91201181254269
APTV,1d,2024-11-19,Bullish,52.11,2024-11-20,52.59,53.83,52.11,20.07385323307453,23.570924295452016
ARM,1w,2024-07-07,Bearish,181.19,2024-07-14,181.17999,141.62,181.19,85.49421552479613,76.72902983668422
ASML,3d,2021-02-14,Bearish,603.14001,2021-02-17,594.40002,569.45001,603.14001,84.33529208817062,77.42530679499819
ATO,3d,2022-04-04,Bearish,122.050003,2022-04-07,121.71,116.15,122.050003,77.03286569846469,75.30576548117132
AVB,1w,2022-01-02,Bearish,252.59,2022-01-09,248.87,232.85001,252.59,75.85481157759611,75.06999771365291
AVGO,1d,2023-06-14,Bearish,88.618,2023-06-15,88.343,81.273,88.618,86.56649418637335,80.86604367003157
AVY,1d,2025-01-02,Bullish,183.31,2025-01-03,185.089996,186.25999,183.31,22.34709678801508,23.44947765176326
AWK,1d,2022-02-16,Bullish,146.28999,2022-02-17,148.059998,155.55,146.28999,22.374820590153263,22.378489574762384
AXON,1d,2024-12-05,Bearish,689.78003,2024-12-06,687.69,616.14001,689.78003,91.12160468444898,81.2524559486268
AXON,3d,2024-03-24,Bearish,319.14001,2024-03-27,312.88,315.10001,319.14001,82.83996143008505,78.14190199276734
AZO,1d,2021-04-20,Bearish,1514.10999,2021-04-21,1486.89001,1432.28003,1514.10999,79.70600231791963,77.53918699115175
AZO,1d,2024-03-22,Bearish,3239.32007,2024-03-25,3170.82007,3124.01001,3239.32007,80.2241980733993,78.55293416775596
BA,1d,2024-04-24,Bullish,164.33,2024-04-25,166.81,167.82001,164.33,23.445187173200523,24.239046725695644
BAX,1d,2021-04-22,Bearish,88.010002,2021-04-23,87.87,86.029999,88.010002,81.9747155191542,75.19287123195801
BBWI,1d,2024-07-25,Bullish,33.13,2024-07-26,34.17,36.54,33.13,23.305904617828105,24.817201281223916
BG,1d,2021-11-15,Bearish,96.15,2021-11-16,95.73,92.91,96.15,81.01311013396669,77.69091147763876
BIIB,3d,2025-01-15,Bullish,140.55,2025-01-21,143.67,146.47,140.55,17.919510255711387,22.469237657745353
BK,1d,2024-01-30,Bearish,56.040001,2024-01-31,55.46,55.39,56.040001,81.50228349310555,77.41071491445724
BK,3d,2024-11-28,Bearish,81.87,2024-12-01,80.85,77.3,81.87,79.61698757939405,76.63495479975977
BK,1w,2025-03-02,Bearish,88.95,2025-03-09,85.84,81.87,88.95,81.38130068676065,76.27236307752749
BKR,1d,2024-11-21,Bearish,44.88,2024-11-22,44.25,44.11,44.88,82.41133845806868,76.77692151440303
BLDR,3d,2024-03-21,Bearish,210.53999,2024-03-24,207.039993,199.98,210.53999,78.9310108437004,76.45419442153721
BLK,1d,2024-11-11,Bearish,1053.83997,2024-11-12,1036.34998,1015.75,1053.83997,79.09413675443673,77.51681531448644
BMY,3d,2021-11-29,Bullish,54.95,2021-12-02,56.32,57.26,54.95,21.440126583531466,22.45187631762319
BRO,1d,2023-07-25,Bearish,72.47,2023-07-26,71.65,68.84,72.47,78.07959735042843,75.31780498528714
BWA,1d,2025-09-08,Bearish,44.43,2025-09-09,43.69,43.56,44.43,80.78838461259863,77.8286933738693
C,1d,2024-01-30,Bearish,57.09,2024-01-31,56.17,54.33,57.09,81.86162501965339,77.54767224094886
C,1d,2025-07-25,Bearish,96.07,2025-07-28,95.55,88.72,96.07,84.23769301684308,77.26220761140678
C,1w,2021-06-06,Bearish,79.49,2021-06-13,76.48,75.18,79.49,79.91222166379525,78.04540834950797
CAH,1d,2022-09-01,Bearish,71.32,2022-09-02,70.99,70.14,71.32,91.04792212600144,75.17227687939022
CARR,3d,2021-08-25,Bearish,58.32,2021-08-28,58.029999,57.18,58.32,80.9630984023295,76.04191956760573
CAT,1d,2025-10-29,Bearish,585.48999,2025-10-30,583.15002,540.96002,585.48999,79.44155486600695,78.07933500520204
CB,1d,2024-02-23,Bearish,256.01001,2024-02-26,254.84,249.25,256.01001,86.36416454595647,78.83834400153262
CBOE,1w,2021-08-22,Bearish,129.75999,2021-08-29,125.4,121.77,129.75999,78.3670276630259,75.45928711814605
CBOE,1w,2024-02-25,Bearish,197.14999,2024-03-03,187.020004,180.25999,197.14999,81.68120280413059,76.7326379896637
CBRE,1d,2023-10-25,Bullish,65.76,2023-10-26,66.46,71.17,65.76,20.498022808708455,20.697174044312703
CBRE,3d,2024-08-21,Bearish,117.029999,2024-08-24,116.72,112.0,117.029999,81.40100825288106,77.5464833405895
CCEP,1d,2023-05-16,Bearish,66.69,2023-05-17,66.29,66.0,66.69,88.38530153409445,78.68842927694811
CCL,1d,2023-07-10,Bearish,19.3,2023-07-11,18.9,16.12,19.3,85.36102614113237,77.76331888191275
CDNS,1w,2021-11-21,Bearish,188.12,2021-11-28,178.36,166.87,188.12,77.64323653733481,76.60848506541953
CDW,1d,2021-09-02,Bearish,203.25999,2021-09-03,202.7,199.020004,203.25999,82.38894661802581,77.51281527173182
CDW,1d,2024-11-19,Bullish,174.050003,2024-11-20,175.99001,188.23,174.050003,22.41686492410591,24.180600518738615
CDW,1w,2021-09-05,Bearish,202.7,2021-09-12,197.99001,184.0099945,202.7,83.55856834193824,76.109890501641
CE,3d,2025-03-01,Bullish,47.02,2025-03-04,55.22,64.94,47.02,17.86563772691025,21.14844961678105
CE,1w,2025-04-13,Bullish,38.38,2025-04-20,40.09,65.010002,38.38,18.941719310489503,20.18211663382698
CEG,1d,2023-08-23,Bearish,108.44,2023-08-24,106.92,107.0,108.44,79.79211380753173,75.98889930270396
CEG,3d,2024-04-05,Bearish,193.080002,2024-04-08,191.080002,176.77,193.080002,86.42632905670308,79.15097733077917
CHRW,1d,2024-02-20,Bullish,71.64,2024-02-21,72.5,73.5,71.64,20.303685217184835,24.943650932230014
CHRW,3d,2025-10-30,Bearish,153.99001,2025-11-02,152.91,136.070007,153.99001,81.11033692587748,77.50376220623747
CHRW,3d,2025-11-29,Bearish,160.32001,2025-12-02,159.53999,153.99001,160.32001,77.50376220623747,76.22153357510395
CHTR,1d,2023-08-29,Bearish,451.10001,2023-08-30,439.51001,428.29001,451.10001,78.14997805301942,76.73459052016608
CINF,1d,2021-01-19,Bearish,93.77,2021-01-20,92.48,87.37,93.77,77.64916171264213,75.10857434244771
CL,3d,2024-03-27,Bearish,90.050003,2024-03-30,89.059998,86.12,90.050003,79.85020047327308,78.2589832630334
CL,3d,2024-05-08,Bearish,95.099998,2024-05-11,94.46,90.050003,95.099998,78.2589832630334,78.21004173914451
CL,3d,2021-03-01,Bullish,74.61,2021-03-04,76.059998,78.0,74.61,17.60805577781744,18.7561561042408
CMA,1w,2023-05-14,Bullish,31.97,2023-05-21,38.34,40.4,31.97,22.521897164732067,22.671893541643485
CME,3d,2023-10-11,Bearish,219.38,2023-10-14,218.82001,206.45,219.38,75.62132705409321,75.08557365900802
CMG,1d,2023-05-19,Bearish,42.1244,2023-05-22,42.038799,41.3524,42.1244,86.56529328837993,79.77637491393472
CMG,3d,2023-05-17,Bearish,42.1244,2023-05-20,42.038799,41.3524,42.1244,80.85576406924501,78.53254085053705
COF,3d,2024-01-24,Bearish,138.72,2024-01-27,138.48,133.71001,138.72,81.9725093689587,75.26451643887181
COF,1w,2021-08-15,Bearish,177.73,2021-08-22,168.22,166.25999,177.73,88.72802697846272,75.80497202799339
COP,1d,2021-03-11,Bearish,59.83,2021-03-12,59.19,54.67,59.83,76.47431064547764,75.62859973559057
COP,1d,2021-10-26,Bearish,77.029999,2021-10-27,74.43,74.92,77.029999,83.6551693750304,76.1930767064365
COST,1d,2021-11-29,Bearish,554.88,2021-11-30,539.38,515.62,554.88,82.25087199289828,81.46103533101797
COST,3d,2024-07-07,Bearish,886.84998,2024-07-10,842.90002,870.75,886.84998,81.71724936927772,77.33623433101707
COST,1w,2024-07-07,Bearish,885.66998,2024-07-14,842.90002,749.44,885.66998,82.42488911436142,81.8437170875231
CPT,1d,2023-10-30,Bullish,83.93,2023-10-31,84.88,92.51,83.93,16.872791693779888,21.95090861307216
CPT,3d,2021-07-29,Bearish,149.39,2021-08-01,148.37,135.25999,149.39,84.51392556534414,80.61754818935825
CRM,1d,2023-12-21,Bearish,267.25,2023-12-22,266.34,260.0,267.25,88.6800165766942,76.40137063996855
CRM,1d,2024-12-04,Bearish,367.87,2024-12-05,361.38,341.73001,367.87,83.38896633052322,75.07426053778507
CRWD,3d,2024-02-08,Bearish,329.34,2024-02-11,322.44,260.079987,329.34,87.14822446291001,82.24109749706643
CSCO,1d,2024-11-13,Bearish,59.18,2024-11-14,57.92,56.76,59.18,82.20151923757018,78.21470571800543
CSX,1d,2025-04-08,Bullish,26.69,2025-04-09,28.66,29.13,26.69,22.947280093783988,23.679990244865607
CTAS,1d,2023-12-27,Bearish,151.55251,2023-12-28,150.27251,143.72501,151.55251,77.3132387910465,76.40190880157853
CTAS,3d,2025-10-30,Bullish,183.27,2025-11-02,184.11,187.96001,183.27,23.264617516121874,24.970518303953426
CTAS,1w,2024-05-12,Bearish,175.067505,2024-05-19,173.035004,171.75751,175.067505,80.10798519947855,75.67363229922881
CTVA,3d,2022-04-13,Bearish,61.0099983,2022-04-16,60.95,59.79,61.0099983,80.8567792109538,75.03787526976265
DAL,1d,2024-10-16,Bearish,56.31,2024-10-17,55.26,51.81,56.31,85.356456135067,76.38134869001487
DAL,1d,2023-10-27,Bullish,30.65,2023-10-30,31.23,35.24,30.65,20.358202445848306,21.421389914319818
DAL,1d,2025-04-08,Bullish,35.88,2025-04-09,44.27,43.92,35.88,19.034221407308635,21.454584470652392
DD,1d,2022-11-23,Bearish,30.046024,2022-11-25,29.81171,29.62761,30.046024,82.59017115771618,78.580013656651
DDOG,1d,2021-08-13,Bearish,135.49001,2021-08-16,133.52,132.47,135.49001,86.8577230904791,77.1031497058206
DDOG,1d,2024-12-06,Bearish,168.64999,2024-12-09,161.19,156.63,168.64999,77.72948793367395,77.15411516827558
DGX,1d,2021-09-08,Bearish,158.0,2021-09-09,157.35001,152.28,158.0,84.79880739954649,77.77934096095694
DHR,1d,2021-09-03,Bearish,294.70746,2021-09-07,292.55319,285.053192,294.70746,78.21984497566163,76.09735833799462
DLR,3d,2024-11-28,Bearish,195.69,2024-12-01,191.070007,183.31,195.69,78.85577207508031,76.24301937405946
DLTR,3d,2024-03-03,Bearish,149.080002,2024-03-06,147.91,142.53999,149.080002,76.70198695139797,75.27530504484957
DLTR,1w,2024-11-10,Bullish,61.41,2024-11-17,64.2,66.5,61.41,16.386632228484643,19.853037146695556
DOW,1d,2022-07-14,Bullish,48.9,2022-07-15,49.55,51.060001,48.9,13.963256410800128,23.471935523491467
DOW,1w,2025-08-10,Bullish,21.22,2025-08-17,23.36,28.15,21.22,17.555858205589956,24.69978997788438
DUK,3d,2024-09-14,Bearish,117.7,2024-09-17,115.14,113.92,117.7,78.92203203112199,75.8212419491682
DVA,1d,2024-03-12,Bearish,139.21001,2024-03-13,138.27,123.41,139.21001,77.38164632181254,77.13487031547062
DXCM,1d,2025-04-04,Bullish,59.83,2025-04-07,61.63,68.48,59.83,22.49081998175633,24.22003835711864
DXCM,3d,2021-09-21,Bearish,143.1825,2021-09-24,140.185,130.30499,143.1825,80.08404912323863,75.61112149698607
EBAY,1d,2021-02-08,Bearish,63.84,2021-02-09,62.23,59.17,63.84,76.46801072573979,75.42395050254012
EBAY,3d,2022-03-11,Bullish,50.060001,2022-03-14,54.77,56.7,50.060001,20.59662098522776,20.99545275717273
ECL,3d,2022-03-05,Bullish,158.53,2022-03-08,162.48,183.52,158.53,19.92870136730032,22.143622145548065
EFX,1w,2021-09-05,Bearish,278.28,2021-09-12,272.87,239.56,278.28,82.09865940888503,80.5360785665579
ELV,1d,2021-04-21,Bearish,384.84,2021-04-22,379.78,371.31,384.84,80.7375440011105,77.15660219053626
ELV,3d,2021-05-06,Bearish,396.57001,2021-05-09,394.48999,371.31,396.57001,79.51576552221307,75.09756915555903
EMN,1d,2023-12-14,Bearish,89.68,2023-12-15,88.47,85.46,89.68,77.7944298163218,77.02297819520598
EMN,1d,2025-01-10,Bullish,87.24,2025-01-13,89.12,90.029999,87.24,18.871023528017915,22.131746774698343
EMR,1d,2024-12-04,Bearish,134.33,2024-12-05,133.14999,130.16,134.33,83.24400412521831,76.0343218323714
ENPH,1d,2021-01-07,Bearish,213.75999,2021-01-08,207.41,181.39,213.75999,91.95169917495932,84.84323542909976
ENPH,1d,2023-11-09,Bullish,75.56,2023-11-10,77.98,76.73,75.56,20.852325113751732,24.71226050180941
EPAM,1w,2021-11-07,Bearish,705.059998,2021-11-14,671.35999,643.39001,705.059998,90.89322926469669,76.69924692416993
EQR,1w,2021-07-25,Bearish,84.82,2021-08-01,84.13,73.44,84.82,83.78716683094552,79.28249967477242
ESS,1d,2023-12-28,Bearish,252.75,2023-12-29,247.94,248.5,252.75,81.69407842525447,75.11508561430531
ESS,1d,2022-10-07,Bullish,221.21001,2022-10-10,221.44,238.35001,221.21001,21.87303096008364,24.328383262495024
ETN,1d,2024-03-07,Bearish,301.13,2024-03-08,297.48999,277.95999,301.13,81.25615116068482,78.5382854563362
ETN,1d,2024-03-22,Bearish,316.57999,2024-03-25,311.88,301.13,316.57999,78.5382854563362,78.15490223698554
ETR,1d,2021-04-30,Bearish,54.65,2021-05-03,54.62,53.99,54.65,81.21427599782685,76.96261071919432
ETR,1d,2022-04-20,Bearish,62.92,2022-04-21,62.66,61.8,62.92,77.23365654625971,75.8155132653649
ETR,3d,2024-11-25,Bearish,78.2,2024-11-28,78.084999,77.39,78.2,87.85666124794959,76.1399335257068
ETR,3d,2025-01-24,Bearish,82.52,2025-01-27,79.24,78.2,82.52,76.1399335257068,75.3330198536456
ETR,1w,2025-03-02,Bearish,87.31,2025-03-09,81.33,78.084999,87.31,86.94415442795878,81.62194817956387
EVRG,1w,2021-08-22,Bearish,69.26,2021-08-29,68.31,63.97,69.26,79.99113032286589,78.21907546342922
EW,1d,2023-08-24,Bullish,75.010002,2023-08-25,76.17,77.97,75.010002,22.713707891786115,23.648342533184447
EXR,3d,2021-08-01,Bearish,176.55,2021-08-04,175.50999,173.19,176.55,86.40803880632521,78.92845496441635
EXR,3d,2021-09-03,Bearish,193.71001,2021-09-06,192.39999,173.19,193.71001,86.40803880632521,86.33145328553202
EXR,1w,2022-01-02,Bearish,226.73,2022-01-09,208.45,193.71001,226.73,91.24914647182543,80.33083442489873
F,3d,2021-12-08,Bearish,21.45,2021-12-11,20.43,20.48,21.45,80.79856876476654,75.23299506955337
F,3d,2022-01-13,Bearish,25.19,2022-01-16,24.38,20.48,25.19,80.79856876476654,80.75153991752657
F,1w,2021-06-06,Bearish,15.97,2021-06-13,15.28,13.37,15.97,83.94942882276493,79.57808256511038
FAST,1d,2024-03-21,Bearish,39.21,2024-03-22,39.049999,37.97,39.21,76.44654780565668,76.18783764035885
FDS,3d,2021-12-26,Bearish,487.73001,2021-12-29,486.01001,469.070007,487.73001,81.32527431343334,81.19585352342077
FDS,3d,2025-11-05,Bullish,262.60001,2025-11-08,265.089996,281.47,262.60001,14.425996532983731,16.07960550883665
FDX,1d,2024-07-16,Bearish,313.51999,2024-07-17,310.42999,299.84,313.51999,80.73862166191891,79.6720546980077
FDX,1d,2021-01-29,Bullish,235.34,2021-02-01,239.24001,244.96001,235.34,11.402079646495082,22.56813935775375
FI,1d,2024-11-11,Bearish,214.86,2024-11-12,214.059998,203.28999,214.86,85.5343847931122,76.35205576609623
FI,1d,2025-02-19,Bearish,236.34,2025-02-20,234.42999,231.24001,236.34,76.17364223301017,75.42862841171242
FI,1d,2025-11-20,Bullish,59.77,2025-11-21,60.84,61.63,59.77,12.841986845554956,15.356783491773086
FI,1w,2025-03-02,Bearish,235.69,2025-03-09,218.039993,221.56,235.69,89.65905579169208,77.34874447000603
FICO,1d,2024-11-26,Bearish,2382.3999,2024-11-27,2354.0,2350.0,2382.3999,82.81432737960249,75.81120818785405
FICO,3d,2024-11-28,Bearish,2375.030029,2024-12-01,2345.32007,2051.78003,2375.030029,81.66295473917367,76.9663619427587
FITB,1d,2025-04-08,Bullish,33.42,2025-04-09,35.82,37.48,33.42,22.317337833727564,23.689189930511333
FITB,1w,2021-05-16,Bearish,42.64,2021-05-23,41.92,39.09,42.64,83.92272729563155,83.462340683564
FMC,1d,2021-08-20,Bullish,87.77,2021-08-23,89.089996,93.23,87.77,18.007274442221714,18.668153026023603
FMC,1d,2023-11-01,Bullish,50.0099983,2023-11-02,54.69,61.87,50.0099983,20.30784779812548,23.199742200407954
FMC,1d,2025-11-20,Bullish,12.18,2025-11-21,12.75,12.97,12.18,9.431624223486494,14.582027191741204
FOX,1d,2025-02-24,Bearish,54.23,2025-02-25,53.28,51.55,54.23,82.26226406628416,77.75836815426872
FOXA,1d,2025-02-24,Bearish,58.0,2025-02-25,56.91,54.64,58.0,82.60983801773378,78.5996279403531
FTNT,1d,2021-08-13,Bearish,61.866,2021-08-16,60.488,55.142,61.866,81.62753213108428,78.53380432413579
FTNT,3d,2024-10-11,Bearish,82.87,2024-10-14,82.12,76.87,82.87,76.65225309402925,75.63541089809662
FTV,1d,2024-02-28,Bearish,65.026375,2024-02-29,64.15222,62.56217,65.026375,84.66208801522527,77.80330796023868
GE,3d,2023-04-29,Bearish,80.7502,2023-05-02,79.26576,76.29689,80.7502,78.43078422651895,77.93194674914051
GIS,3d,2025-01-09,Bullish,58.5,2025-01-12,58.78,62.88,58.5,21.963838300229114,23.541416615662754
GLW,3d,2025-10-27,Bearish,90.29,2025-10-30,89.080002,87.07,90.29,88.8213854298371,81.2255825184144
GNRC,1d,2022-01-05,Bullish,312.089996,2022-01-06,317.39001,341.29999,312.089996,23.798469793602763,24.054053556939465
GPN,1d,2025-04-21,Bullish,67.47,2025-04-22,71.39,79.47,67.47,20.775474213441896,24.9464691289715
GS,1w,2021-06-06,Bearish,391.45001,2021-06-13,378.049988,348.81,391.45001,83.59307379121695,80.26833221843593
GWW,3d,2024-03-21,Bearish,1027.099976,2024-03-24,1005.37,972.53998,1027.099976,86.81358588567927,76.78136134387582
HAS,1d,2023-11-13,Bullish,42.88,2023-11-14,45.12,45.040001,42.88,17.02664403188848,19.706963219009864
HCA,1d,2021-08-03,Bearish,253.50999,2021-08-04,248.25999,249.25,253.50999,80.590210816311,76.39210471539238
HCA,1d,2025-09-05,Bearish,420.76999,2025-09-08,418.10001,410.17999,420.76999,76.23792109752388,75.10894582322493
HD,1d,2021-05-10,Bearish,341.12,2021-05-11,330.66,328.079987,341.12,82.52151361272934,76.28125855253036
HD,1d,2023-10-27,Bullish,276.45999,2023-10-30,281.48001,291.70001,276.45999,20.818068896844792,22.267439697540723
HD,3d,2021-05-06,Bearish,339.25,2021-05-09,330.66,328.079987,339.25,79.90674184455887,77.21017425541734
HD,3d,2024-01-18,Bearish,362.41,2024-01-21,350.78,354.0,362.41,77.44626511022406,75.04636345627883
HLT,1d,2025-04-08,Bullish,201.28,2025-04-09,218.64999,221.78,201.28,20.341677312269496,24.977235461878138
HON,1d,2024-11-12,Bearish,220.46182,2024-11-13,219.67012,209.56645,220.46182,76.9995528744347,75.97763435887906
HPE,3d,2025-10-06,Bearish,26.08,2025-10-09,24.4,24.99,26.08,77.06590581524009,75.24100026311241
HPE,3d,2025-04-06,Bullish,12.51,2025-04-09,14.14,15.09,12.51,22.23892740305446,22.408688085020756
HWM,1d,2025-06-30,Bearish,186.13,2025-07-01,176.22,175.37,186.13,81.55956464620132,79.43439979365877
HWM,3d,2025-06-26,Bearish,184.89999,2025-06-29,176.22,175.37,184.89999,77.64864329756634,76.46248100700262
HWM,1w,2025-03-02,Bearish,136.60001,2025-03-09,124.4,118.44,136.60001,77.17747371313352,76.5184188563444
HWM,1w,2025-07-20,Bearish,190.49001,2025-07-27,189.52,136.60001,190.49001,76.5184188563444,75.52293426536392
IBM,3d,2024-03-06,Bearish,195.95,2024-03-09,191.73,187.42,195.95,85.33130028633929,77.05128208420545
IEX,1d,2024-03-21,Bearish,245.87,2024-03-22,243.87,239.47,245.87,76.72489541166905,75.58828650092437
IFF,1d,2024-11-15,Bullish,86.14,2024-11-18,86.61,87.57,86.14,14.815303954006978,24.426043317538344
ILMN,1d,2023-11-13,Bullish,90.26265,2023-11-14,94.83463,103.75487,90.26265,19.96528083931925,23.1084281185001
ILMN,3d,2021-12-02,Bullish,337.82101,2021-12-05,359.36771,377.41245,337.82101,22.21944789583327,23.22982148988565
ILMN,3d,2023-11-16,Bullish,91.75098,2023-11-19,93.35603,127.83074,91.75098,22.136579667531464,22.345757245231184
ILMN,3d,2025-04-06,Bullish,70.3,2025-04-09,74.78,84.2,70.3,19.437046223164657,20.94230794106727
INVH,1d,2023-10-27,Bullish,28.8,2023-10-30,29.27,31.07,28.8,24.324960922995615,24.751994636289467
INVH,1w,2022-01-02,Bearish,45.34,2022-01-09,42.92,41.95,45.34,78.71928585282988,77.92703191452016
IQV,1d,2023-07-26,Bearish,231.96001,2023-07-27,224.56,224.77,231.96001,76.23732362812217,75.08606240743015
IR,1d,2025-01-10,Bullish,87.019997,2025-01-13,88.18,91.26,87.019997,20.170143314542813,23.732196407658634
IR,3d,2024-03-27,Bearish,94.95,2024-03-30,93.62,91.63,94.95,82.56963463353163,77.2158508404966
IRM,1d,2024-08-27,Bearish,114.84,2024-08-28,112.3,109.54,114.84,81.16841713269065,77.35633556289844
IRM,1w,2021-09-05,Bearish,49.38,2021-09-12,47.02,46.28,49.38,87.33582453220765,78.7883542569333
ISRG,1d,2021-08-09,Bearish,344.0,2021-08-10,331.87332,319.68332,344.0,80.99763611240857,76.63695307164743
ISRG,1d,2023-05-22,Bearish,313.62,2023-05-23,301.44,305.059998,313.62,78.04991165666485,77.11559450091885
ISRG,1d,2025-11-10,Bearish,576.20001,2025-11-11,572.16998,551.29999,576.20001,81.15594118182472,76.39592749893515
IT,1d,2025-04-08,Bullish,377.5,2025-04-09,406.13,418.76999,377.5,21.87361753660801,22.78877212100167
J,1d,2024-10-18,Bearish,142.47525,2024-10-21,142.1188,138.65346,142.47525,83.97737746333475,78.37498684589802
JCI,1w,2021-11-21,Bearish,80.85,2021-11-28,77.42,75.07,80.85,82.4568638095269,75.79453114504072
JNJ,3d,2025-11-26,Bearish,206.92,2025-11-29,205.34,193.72,206.92,83.54572935057968,80.14740690538963
JPM,1d,2025-02-18,Bearish,279.95001,2025-02-19,279.25,276.89999,279.95001,80.74323364416452,75.00620750994847
K,1d,2022-05-09,Bearish,69.98122,2022-05-10,68.47887,65.46479,69.98122,77.62355890412064,75.98706592061299
KDP,1d,2024-11-18,Bullish,31.24,2024-11-19,31.52,32.61,31.24,18.327519591491196,21.629246771680286
KEYS,3d,2023-10-26,Bullish,119.31,2023-10-29,122.050003,129.2,119.31,20.454100973935,24.780864169451206
KIM,1d,2021-02-24,Bearish,19.15,2021-02-25,18.62,17.5,19.15,76.26374486156831,75.76528429574134
KLAC,3d,2021-02-14,Bearish,337.17999,2021-02-17,330.67001,305.01001,337.17999,94.18411616694952,77.32972916076983
KMI,3d,2025-01-21,Bearish,30.48,2025-01-24,30.27,28.54,30.48,85.31883878742877,75.83000346581267
KMI,1w,2025-01-19,Bearish,30.31,2025-01-26,30.27,28.49,30.31,84.71454144191287,79.48145485920539
KR,3d,2022-04-07,Bearish,61.67,2022-04-10,58.75,58.94,61.67,77.22700295690375,76.11782987269372
LDOS,3d,2024-03-27,Bearish,131.089996,2024-03-30,130.42,129.3,131.089996,87.81625123568062,83.11705603319139
LHX,1d,2025-06-13,Bearish,256.98999,2025-06-16,247.77,247.89999,256.98999,81.87056743721587,80.75823979848415
LHX,1d,2025-01-07,Bullish,203.0,2025-01-08,207.14999,210.64,203.0,19.004304118627942,23.54297377605083
LLY,1d,2024-11-18,Bullish,727.20001,2024-11-19,729.72998,776.38,727.20001,19.512861911637003,23.931088157492198
LLY,3d,2023-06-28,Bearish,468.98001,2023-07-01,461.42001,442.38,468.98001,85.11081556518455,79.07837221785705
LLY,1w,2023-10-15,Bearish,609.20001,2023-10-22,584.64001,468.98001,609.20001,78.25932711641332,75.08049563376028
LOW,1d,2021-12-10,Bearish,261.38,2021-12-13,257.23999,252.63,261.38,80.74897651888213,75.26467143538001
LRCX,1d,2025-10-06,Bearish,149.14999,2025-10-07,140.35001,132.2,149.14999,84.56190515056724,84.5169501367021
LRCX,3d,2025-11-08,Bearish,166.37,2025-11-11,153.32001,146.99001,166.37,81.4096176539993,75.42587046109146
LULU,1d,2024-08-05,Bullish,233.39999,2024-08-06,236.89999,247.32001,233.39999,20.95689831895737,23.971178493717247
LULU,1d,2025-04-08,Bullish,247.61,2025-04-09,273.84,309.67999,247.61,20.650890962356826,24.263517392478946
LULU,3d,2024-05-26,Bullish,295.25,2024-05-29,311.98999,336.13,295.25,21.697499708552144,22.263647670081028
LUV,1d,2021-07-19,Bullish,48.5,2021-07-20,51.43,51.19,48.5,23.75902659626196,24.603230797382537
LVS,1d,2025-07-30,Bearish,52.97,2025-07-31,52.4,50.52,52.97,79.25963971312522,76.19593531741091
LVS,1d,2025-08-13,Bearish,54.33,2025-08-14,54.12,52.97,54.33,76.19593531741091,75.15304806003728
LVS,1d,2025-12-01,Bearish,69.49,2025-12-02,68.51,66.99,69.49,78.41929659815858,75.3186397842599
LVS,1d,2021-08-19,Bullish,36.77,2021-08-20,37.55,38.86,36.77,19.39486065219519,21.17769359204391
LYV,1d,2023-06-15,Bearish,90.34,2023-06-16,90.18,84.75,90.34,81.5802364796659,80.30131620647687
LYV,1d,2024-10-29,Bearish,118.81,2024-10-30,117.2,115.84,118.81,80.12105239087796,76.86926891691408
LYV,1w,2025-02-16,Bearish,153.75999,2025-02-23,149.39999,140.28999,153.75999,84.55478327646922,80.0666285252661
MAR,1d,2025-04-08,Bullish,211.12,2025-04-09,233.39,237.28999,211.12,19.05465037670048,24.830011619441123
MAS,1d,2021-11-16,Bearish,68.48,2021-11-17,68.089996,65.55,68.48,80.6288799808595,75.14919233535677
MCHP,1d,2025-06-11,Bearish,69.6,2025-06-12,67.93,62.3,69.6,77.1474822837663,76.6594123401305
MCK,1d,2022-01-14,Bearish,256.51999,2022-01-18,252.53999,248.89999,256.51999,78.80336861793617,78.09879211170853
MCK,1d,2022-04-20,Bearish,331.54001,2022-04-21,331.45001,310.48001,331.54001,81.54459202212009,75.4814353988019
MCK,3d,2024-07-31,Bearish,630.38,2024-08-03,612.95001,607.81,630.38,76.06964090499335,75.36217569814934
MDB,3d,2023-07-16,Bearish,426.019989,2023-07-19,409.78,387.62,426.019989,83.98642070673925,75.11530022403758
MDLZ,1d,2024-12-19,Bullish,59.27,2024-12-20,59.39,61.44,59.27,22.587231628049764,23.436524958208707
MDT,1d,2024-09-04,Bearish,91.029999,2024-09-05,89.39,89.34,91.029999,78.31733947076346,77.81239339070474
MDT,1d,2021-12-20,Bullish,99.53,2021-12-21,101.65,105.47,99.53,17.76290241379023,23.12301939317328
MDT,1d,2023-10-27,Bullish,69.43,2023-10-30,69.97,71.29,69.43,20.570691269952434,22.783163519355824
META,1d,2023-06-23,Bearish,288.73001,2023-06-26,278.47,272.60999,288.73001,83.8461433827218,78.3816458751796
MMC,3d,2021-10-21,Bearish,169.57001,2021-10-24,168.91,160.48,169.57001,79.98193890395302,76.1755482555439
MMM,1d,2023-12-14,Bearish,89.49833,2023-12-15,89.44816,86.4883,89.49833,76.28364694990844,76.16313745448163
MPWR,1d,2021-08-30,Bearish,502.94,2021-08-31,494.92999,466.42999,502.94,84.36080276207319,81.67610345944449
MPWR,3d,2021-09-24,Bearish,517.91998,2021-09-27,484.60999,502.94,517.91998,83.70790142469427,75.95121894869635
MRK,1d,2024-02-07,Bearish,127.47,2024-02-08,126.61,118.86,127.47,83.65376790487812,83.44212125971684
MRK,1d,2024-02-23,Bearish,129.45,2024-02-26,128.84,127.47,129.45,83.44212125971684,78.07368725668431
MRNA,1d,2024-09-04,Bullish,72.49,2024-09-05,73.44,81.29,72.49,21.328222494590563,23.67994969437119
MS,3d,2024-11-19,Bearish,134.99001,2024-11-22,134.69,121.059998,134.99001,80.65086897173029,77.22050917472964
MS,1w,2021-06-06,Bearish,93.96,2021-06-13,92.050003,84.34,93.96,79.41736689269317,77.16132931691749
MSCI,1d,2021-09-08,Bearish,659.17999,2021-09-09,652.85999,630.21002,659.17999,84.02019834616802,76.76518429028229
MSFT,1d,2021-07-23,Bearish,289.67001,2021-07-26,289.049988,282.51001,289.67001,76.10617677586768,75.42617175830932
MSFT,1d,2021-11-19,Bearish,343.10999,2021-11-22,339.82999,336.98999,343.10999,78.7745573200989,75.17587057222325
MSFT,1w,2021-11-21,Bearish,343.10999,2021-11-28,329.67999,304.35999,343.10999,81.09731485994989,80.80473035206826
MSI,1d,2023-12-12,Bearish,328.95999,2023-12-13,326.94,325.32001,328.95999,78.50002345967268,76.23083327955344
MSI,1d,2024-11-08,Bearish,504.60001,2024-11-11,496.95999,477.62,504.60001,81.47391892622817,78.31703316853809
MSI,3d,2024-11-07,Bearish,504.60001,2024-11-10,497.45001,476.54999,504.60001,80.65728980982041,75.82168230880784
MTB,1d,2024-11-06,Bearish,216.56,2024-11-07,208.11,198.87,216.56,80.12323094809143,76.79634263248059
MTB,1w,2021-05-16,Bearish,166.82001,2021-05-23,162.45,157.56,166.82001,77.9893042077601,76.7113027890226
MU,1d,2025-10-08,Bearish,196.53999,2025-10-09,192.33,168.89,196.53999,86.4068434016506,78.10760467037933
NDAQ,1w,2021-11-07,Bearish,70.94334,2021-11-14,69.47334,66.17667,70.94334,85.17714626388585,79.85063246963095
NDSN,1d,2025-01-10,Bullish,200.12,2025-01-13,203.83,208.94,200.12,15.101898450497174,20.180415740722495
NEE,1d,2024-05-31,Bearish,80.019997,2024-06-03,77.71,77.050003,80.019997,82.5958993922506,75.12167070173508
NFLX,1d,2024-02-15,Bearish,59.346,2024-02-16,58.395,57.579,59.346,82.10000985890267,75.66317979393536
NFLX,1d,2022-05-11,Bullish,16.637,2022-05-12,17.431,18.854,16.637,16.49874803813789,22.227830324195466
NFLX,3d,2021-10-27,Bearish,69.030998,2021-10-30,68.117,60.605,69.030998,79.52428425296647,78.9595648059302
NFLX,3d,2023-07-16,Bearish,47.48,2023-07-19,42.75,44.527,47.48,80.30471885128469,76.7843712551943
NFLX,3d,2024-02-29,Bearish,61.934,2024-03-03,59.85,57.579,61.934,78.21183517281014,77.84572410870713
NFLX,1w,2025-02-16,Bearish,105.86,2025-02-23,100.315,93.474,105.86,81.66610302830493,77.82594499780194
NFLX,1w,2022-06-19,Bullish,17.551,2022-06-26,19.084999,18.097,17.551,18.558694646623636,21.33851981061099
NI,1d,2024-10-01,Bearish,34.83,2024-10-02,34.68,34.38,34.83,83.14368278995056,76.0737543012579
NI,1w,2025-03-02,Bearish,40.81,2025-03-09,38.5,38.09,40.81,80.8135555286201,75.02323065481518
NOC,1d,2025-08-21,Bearish,597.21002,2025-08-22,592.44,589.95001,597.21002,81.92305177527703,79.30181119021526
NOC,1w,2021-10-24,Bearish,406.20999,2021-10-31,357.22,377.51001,406.20999,78.77383309726707,75.63597754792656
NOW,1d,2024-02-09,Bearish,812.94,2024-02-12,787.34998,787.23999,812.94,81.38330770388765,75.71725142306529
NOW,3d,2024-02-08,Bearish,812.94,2024-02-11,773.76001,716.47998,812.94,79.77380230142053,77.7407484326909
NSC,1d,2023-09-08,Bullish,195.64,2023-09-11,195.97,207.64,195.64,20.852510656751818,24.664506483049053
NTAP,1d,2024-07-10,Bearish,134.62,2024-07-11,131.46001,128.71001,134.62,78.05907538132281,77.39271362118521
NVDA,1d,2023-06-20,Bearish,43.808,2023-06-21,43.044998,40.111,43.808,85.04287763538535,76.6838861392459
NVDA,1w,2021-09-05,Bearish,22.843,2021-09-12,22.478,20.487,22.843,79.6049979045382,75.4381036447266
NVDA,1w,2024-06-16,Bearish,131.88,2024-06-23,126.57,94.289,131.88,91.06441594899,84.76157043060779
NVR,1d,2021-02-08,Bearish,4740.93018,2021-02-09,4699.74023,4545.72021,4740.93018,77.67707968101861,77.292433762201
NWSA,3d,2021-03-19,Bearish,27.3,2021-03-22,25.45,23.79,27.3,89.40194416636675,85.0837280429639
O,1d,2024-08-09,Bearish,60.57,2024-08-12,60.31,57.73,60.57,76.86920595859326,75.91085968306317
O,1d,2022-10-14,Bullish,55.54,2022-10-17,57.49,57.95,55.54,20.333693177044594,24.988505642228304
O,1d,2023-10-30,Bullish,46.22,2023-10-31,47.38,48.89,46.22,15.193121421907904,24.895226797533994
ODFL,1d,2021-11-16,Bearish,180.675,2021-11-17,180.465,177.63,180.675,85.71660057045028,76.05246149805762
OMC,3d,2021-05-06,Bearish,84.96,2021-05-09,83.74,77.78,84.96,78.63511656188227,77.82015546766978
ON,1d,2021-11-18,Bearish,63.46,2021-11-19,63.34,59.86,63.46,82.17675416105013,79.2201667134116
ORCL,1d,2024-10-09,Bearish,178.28999,2024-10-10,175.41,170.33,178.28999,83.16802385819489,75.27354002104659
ORCL,1d,2025-07-03,Bearish,237.32001,2025-07-07,232.25999,215.22,237.32001,88.92407421183357,80.33213178183614
ORCL,1d,2025-07-17,Bearish,248.75,2025-07-18,245.45,237.32001,248.75,80.33213178183614,76.91768684566932
ORCL,3d,2024-10-11,Bearish,175.77,2024-10-14,174.77,170.33,175.77,82.16394959100454,77.32424190646188
ORLY,1d,2021-05-10,Bearish,37.498,2021-05-11,37.322,35.75133,37.498,77.81542325683169,77.5454579665193
OTIS,3d,2021-08-28,Bearish,92.37,2021-08-31,92.059998,91.28,92.37,82.20075484413017,76.69536859650843
PAYC,1d,2024-11-26,Bearish,236.24001,2024-11-27,234.99001,231.089996,236.24001,90.47607077288704,77.35538108484732
PAYC,3d,2024-12-10,Bearish,240.0,2024-12-13,234.5,231.089996,240.0,85.87939648503895,75.52657918443326
PAYX,1w,2022-01-02,Bearish,136.5,2022-01-09,128.84,117.17,136.5,78.96731873053537,77.40234084514208
PCG,1d,2025-02-03,Bullish,15.16,2025-02-04,15.18,16.22,15.16,18.53794618175975,23.45517467830112
PDD,1d,2023-12-19,Bearish,150.089996,2023-12-20,146.42999,147.44,150.089996,86.4178761591322,76.53510185401046
PFE,1w,2021-12-19,Bearish,59.48,2021-12-26,58.71,48.72,59.48,83.46266749532207,79.15715256862713
PGR,1d,2024-03-18,Bearish,206.41,2024-03-19,205.49001,193.58,206.41,82.29592204456523,80.93658830881469
PGR,1d,2024-04-05,Bearish,211.0,2024-04-08,210.39,206.41,211.0,80.93658830881469,75.92235218241862
PH,3d,2024-04-05,Bearish,566.66998,2024-04-08,555.37,537.79999,566.66998,82.01385034402598,76.78824273874194
PHM,1d,2023-07-14,Bearish,82.51,2023-07-17,81.7,78.67,82.51,79.38243330985793,76.2058404636182
PKG,1d,2024-11-29,Bearish,248.85001,2024-12-02,244.8,241.59,248.85001,80.80145244534941,75.17587822652938
PLD,1d,2022-06-13,Bullish,108.43,2022-06-14,110.66,119.53,108.43,23.388690405365864,24.904178514637536
PLD,1d,2023-10-27,Bullish,97.32,2023-10-30,98.88,107.5,97.32,22.459621275668013,24.045300471697146
PNC,1d,2024-07-30,Bearish,181.98,2024-07-31,181.10001,179.71001,181.98,82.48788337722264,75.50764851257499
PNR,3d,2025-04-06,Bullish,76.17,2025-04-09,82.19,85.54,76.17,24.192389775302217,24.362619745133955
PNR,1w,2021-08-15,Bearish,79.5,2021-08-22,78.83,69.52,79.5,82.10421806982923,79.53269277439215
PNW,3d,2024-09-14,Bearish,91.32,2024-09-17,89.019997,88.23,91.32,79.9188125547958,76.89323868157962
PNW,3d,2021-11-02,Bullish,63.6,2021-11-05,64.56,66.58,63.6,17.89400218094775,22.858242336792856
PODD,1d,2023-09-25,Bullish,154.67,2023-09-26,159.28999,181.21001,154.67,11.149960352114022,22.440883774414132
PPG,1d,2021-05-06,Bearish,180.089996,2021-05-07,179.49001,174.64999,180.089996,77.53460218599051,76.42875111754888
PSA,1d,2022-05-18,Bullish,306.89999,2022-05-19,309.76999,312.37,306.89999,18.995402071350327,21.45973656071095
PSA,1w,2022-01-02,Bearish,374.56,2022-01-09,355.91,330.76001,374.56,76.83340527570535,76.11130929866577
PTC,1d,2024-01-29,Bearish,184.85001,2024-01-30,184.050003,175.92,184.85001,79.73075128527394,77.59038020493531
PTC,3d,2024-01-27,Bearish,184.85001,2024-01-30,179.39999,175.72,184.85001,83.03125120779117,77.47382185641091
PWR,1w,2021-09-19,Bearish,118.42,2021-09-26,117.29,100.18,118.42,77.97140097388484,76.91217595353484
PYPL,1d,2022-03-07,Bullish,93.61,2022-03-08,94.9,100.72,93.61,19.971631202161305,24.35064568466322
QCOM,1d,2024-01-25,Bearish,154.47,2024-01-26,150.72,145.86,154.47,77.11409801285598,75.53244205746546
QRVO,1d,2023-12-27,Bearish,114.61,2023-12-28,114.18,112.55,114.61,86.3478844363612,77.33194452970454
QRVO,1d,2024-11-13,Bullish,65.6,2024-11-14,66.3,71.26,65.6,14.560421625421043,15.151529428024105
RCL,3d,2023-07-25,Bearish,109.68,2023-07-28,108.57,103.74,109.68,84.1264253135926,78.62955855136639
REG,3d,2021-05-06,Bearish,65.36,2021-05-09,64.52,59.15,65.36,81.34281023805383,76.40253416549332
REGN,3d,2024-12-19,Bullish,701.84998,2024-12-22,714.46997,738.0,701.84998,16.408508995088738,23.152264963828188
RF,1d,2025-04-08,Bullish,18.34,2025-04-09,20.0,20.84,18.34,23.002463285586273,23.524292087620026
RF,1w,2021-05-30,Bearish,23.41,2021-06-06,22.63,21.86,23.41,85.99732056375983,75.76933897052704
ROK,1d,2025-07-03,Bearish,347.070007,2025-07-07,338.92999,325.22,347.070007,79.5392599349172,79.35808492219977
ROST,1d,2024-05-02,Bullish,127.68,2024-05-03,130.84,131.8,127.68,24.033189799355227,24.845234895128073
RSG,1d,2023-12-13,Bearish,167.11,2023-12-14,162.69,163.92,167.11,79.58895585503822,77.91037450513133
RSG,1d,2024-03-27,Bearish,191.52,2024-03-28,191.44,185.95,191.52,80.83118583177078,78.55568404945458
RSG,3d,2023-06-28,Bearish,153.17,2023-07-01,151.39999,148.19,153.17,77.63512513759349,76.30715792958608
RSG,1w,2022-01-02,Bearish,139.45,2022-01-09,133.77,136.45,139.45,77.3223678112424,77.25590644679058
RTX,1d,2023-10-05,Bullish,69.38,2023-10-06,69.77,71.58,69.38,16.3992501352964,17.964586305147492
RTX,3d,2024-05-08,Bearish,106.32,2024-05-11,105.8,101.69,106.32,86.47471772768453,84.76620745405825
SCHW,1w,2021-06-06,Bearish,75.72,2021-06-13,73.92,67.65,75.72,78.60661020176255,76.41774961587075
SLB,1d,2022-01-26,Bearish,39.8,2022-01-27,38.86,37.81,39.8,80.23949004077775,78.01911440586548
SMCI,1d,2023-06-09,Bearish,26.166,2023-06-12,25.865,23.41,26.166,90.2406599479982,83.81614083175735
SMCI,3d,2023-08-06,Bearish,34.74,2023-08-09,25.443,26.166,34.74,89.5127120434895,76.75250511202933
SNA,1d,2024-11-26,Bearish,371.35001,2024-11-27,369.23001,361.85001,371.35001,86.59729476740088,81.44521674812187
SNPS,3d,2021-02-11,Bearish,292.089996,2021-02-14,290.67001,273.42999,292.089996,87.00867761227387,77.5176811352134
SPG,3d,2024-01-12,Bearish,146.62,2024-01-15,142.12,144.35001,146.62,83.27751513399657,76.21188272525961
SPG,1w,2021-06-13,Bearish,134.23,2021-06-20,125.33,117.85,134.23,85.45052592993375,84.0090522801024
SPGI,1d,2023-12-14,Bearish,437.78,2023-12-15,435.78,424.19,437.78,81.28700325373241,79.09307917854778
STE,1d,2023-07-25,Bearish,233.020004,2023-07-26,231.86,224.98,233.020004,79.51285081921169,75.55263105683586
STLD,1d,2022-03-25,Bearish,89.49,2022-03-28,87.17,77.38,89.49,79.45448176082752,79.05934429881418
STLD,1d,2025-01-02,Bullish,111.93,2025-01-03,113.15,115.29,111.93,21.984814180297718,22.22241299971988
STZ,3d,2025-11-05,Bullish,127.65,2025-11-08,128.47,131.78,127.65,19.27942175391121,24.887223799393425
SWKS,3d,2025-04-06,Bullish,49.2,2025-04-09,56.54,64.64,49.2,18.689439893125467,23.357335748598942
SYK,1d,2024-02-23,Bearish,355.029999,2024-02-26,352.45999,342.91,355.029999,82.41178957224822,76.98065380316287
T,1d,2025-10-23,Bullish,24.62,2025-10-24,25.14,25.59,24.62,23.428779570746045,23.514285071847908
T,3d,2023-07-16,Bullish,13.45,2023-07-19,14.76,15.15,13.45,21.593716162353928,23.23439040548547
T,1w,2025-03-30,Bearish,28.18,2025-04-06,26.64,23.88,28.18,82.42182256338235,77.27707186238968
TAP,1d,2021-01-27,Bearish,54.99,2021-01-28,51.98,53.5,54.99,84.76681796162427,75.06387514461593
TEAM,1d,2021-09-24,Bearish,413.94,2021-09-27,391.89001,384.59,413.94,83.03286519446559,81.54775777673744
TEAM,3d,2021-10-27,Bearish,458.13,2021-10-30,450.14001,413.94,458.13,87.27454146163639,83.34279544478275
TEAM,3d,2025-02-08,Bearish,322.94,2025-02-11,316.0,279.17999,322.94,82.52775719123719,78.29933459564765
TEAM,1w,2025-02-09,Bearish,314.28,2025-02-16,313.10001,278.64999,314.28,79.99479273223864,76.53006499692019
TECH,1d,2021-02-16,Bearish,102.75,2021-02-17,101.815,89.1675,102.75,77.44426661800215,75.96949943310489
TER,1d,2025-04-08,Bullish,67.96,2025-04-09,79.44,85.33,67.96,24.5404340770029,24.864785114880405
TER,3d,2025-11-08,Bearish,184.080002,2025-11-11,169.59,145.64,184.080002,79.44350602336989,78.52873899320639
TFC,1d,2025-04-04,Bullish,34.79,2025-04-07,35.14,39.48,34.79,21.022934095319485,21.42651073975925
TMUS,1d,2024-01-08,Bearish,163.41,2024-01-09,163.2,160.44,163.41,88.09049906493102,78.26139467798245
TMUS,1d,2024-01-19,Bearish,165.16,2024-01-22,164.38,163.41,165.16,78.26139467798245,76.98680007883901
TMUS,1d,2024-11-13,Bearish,240.88,2024-11-14,237.75,233.56,240.88,81.06199320538633,75.86257840979164
TMUS,1d,2021-10-12,Bullish,116.28,2021-10-13,116.46,124.9,116.28,20.26304827290373,20.85840198844616
TMUS,1w,2025-02-16,Bearish,270.82001,2025-02-23,265.17001,246.94,270.82001,84.59027570281444,75.18844409767726
TRGP,1d,2021-06-16,Bearish,48.96,2021-06-17,45.36,47.34,48.96,85.7180748285513,79.32703919953883
TRGP,3d,2024-04-23,Bearish,117.68,2024-04-26,116.86,115.97,117.68,88.34159045518038,80.58314026848328
TROW,1d,2025-04-08,Bullish,80.27,2025-04-09,90.16,92.040001,80.27,21.245006785547574,21.36325665920036
TROW,1w,2022-06-19,Bullish,106.68,2022-06-26,121.5,136.33,106.68,20.445696974909055,24.813757603368757
TRV,1d,2024-02-22,Bearish,222.3,2024-02-23,220.96001,214.82001,222.3,79.00985947332275,77.90374368822629
TRV,3d,2024-04-05,Bearish,230.89,2024-04-08,224.38,222.3,230.89,89.97217912298245,80.08559475696651
TSCO,1d,2024-03-21,Bearish,53.234,2024-03-22,52.594,50.864,53.234,77.3279477269225,76.59375988704923
TSCO,3d,2024-05-17,Bearish,57.134,2024-05-20,56.552,52.594,57.134,78.26027548919065,76.35844780167689
TT,3d,2024-05-23,Bearish,337.92001,2024-05-26,328.31,304.67001,337.92001,77.69548841046502,76.4402423759456
TTD,1d,2025-04-08,Bullish,45.27,2025-04-09,54.12,53.59,45.27,20.27538703541964,24.83795873509183
TTD,3d,2025-04-06,Bullish,45.27,2025-04-09,49.78,53.59,45.27,19.191337037276583,20.90418068499828
TXT,1d,2025-07-23,Bearish,87.21,2025-07-24,80.93,85.39,87.21,79.23597032545803,75.77767974418327
UHS,1d,2022-12-21,Bearish,142.0,2022-12-22,140.99001,132.73,142.0,76.62926965886787,76.30363306365183
UNH,1d,2021-12-29,Bearish,505.57999,2021-12-30,504.42999,494.38,505.57999,76.61394616384607,75.41017810103638
UPS,1d,2023-09-26,Bullish,151.89999,2023-09-27,152.41,156.57001,151.89999,21.861267018468254,24.030604016582743
URI,1d,2025-07-28,Bearish,899.46002,2025-07-29,882.23999,819.73999,899.46002,78.64538329021313,76.6238800624082
URI,1d,2025-01-08,Bullish,670.0,2025-01-10,670.94,710.94,670.0,22.26623535817346,22.30506975088059
VICI,3d,2021-04-27,Bearish,31.76,2021-04-30,31.7,29.22,31.76,76.35625550884946,75.5871524231526
VLO,3d,2022-06-06,Bearish,143.77,2022-06-09,140.50999,129.17999,143.77,77.58780305096488,77.19975420625794
VLTO,1w,2024-09-01,Bearish,112.43,2024-09-08,108.72,102.19,112.43,77.84369534736625,77.21756042600765
VRSK,3d,2023-06-19,Bearish,227.22,2023-06-22,224.35001,222.12,227.22,78.83673936394912,75.01308939003576
VRTX,1d,2022-01-14,Bearish,234.059998,2022-01-18,231.070007,223.45,234.059998,82.24227219529662,82.23091275220305
VZ,1d,2025-10-23,Bullish,38.4,2025-10-24,38.82,39.75,38.4,24.232290587008066,24.748115714462287
WAB,3d,2024-11-07,Bearish,200.69,2024-11-10,199.28,191.14999,200.69,75.79748912026513,75.31854973779407
WAT,1d,2021-02-02,Bearish,291.31,2021-02-03,281.26999,273.62,291.31,79.65647162905093,79.19067834962027
WBD,3d,2025-09-21,Bearish,19.56,2025-09-24,19.51,13.7,19.56,79.78630518015447,78.93046104409498
WELL,1d,2025-03-03,Bearish,156.86,2025-03-04,153.89999,151.44,156.86,78.94604138485424,75.95428377399892
WELL,1w,2025-03-02,Bearish,153.50999,2025-03-09,147.45,138.2,153.50999,77.87169245578247,75.40352950310371
WM,1w,2021-10-24,Bearish,164.42,2021-10-31,160.23,155.39999,164.42,84.5855075437385,78.0724281584552
WMT,1w,2025-02-16,Bearish,104.040001,2025-02-23,94.78,95.7,104.040001,86.82293645412048,81.6313812261469
WRB,1d,2024-02-22,Bearish,57.14,2024-02-23,56.87333,55.51333,57.14,83.64439344543773,75.54491628098955
WRB,3d,2024-03-27,Bearish,58.96,2024-03-30,58.32667,54.31333,58.96,77.75911531378506,77.09816440208101
WST,1d,2021-09-08,Bearish,468.47,2021-09-09,461.23999,449.51001,468.47,84.68321165777067,83.22152265646596
WST,1d,2023-03-03,Bearish,329.26001,2023-03-06,323.39999,319.76999,329.26001,78.3990268832231,75.28724318866772
XEL,1d,2023-09-05,Bullish,55.59,2023-09-06,56.34,57.0099983,55.59,21.304845437723444,21.7354152312474
XOM,1d,2022-03-08,Bearish,87.78,2022-03-09,82.79,82.39,87.78,81.07341803371554,77.4733608179458
XOM,3d,2022-03-05,Bearish,87.12,2022-03-08,85.36,81.41,87.12,82.17803922390887,79.30006702670732
YUM,1w,2021-08-15,Bearish,134.96001,2021-08-22,134.46001,121.23,134.96001,79.14797488633269,76.5412895420837
ZBRA,1d,2022-02-23,Bullish,399.29001,2022-02-24,415.32999,473.23001,399.29001,21.220474654075346,22.61599148813353
ZTS,1d,2025-11-20,Bullish,115.89,2025-11-21,122.059998,119.56,115.89,15.864431096420248,17.174610574370448
ZTS,1w,2022-01-02,Bearish,244.029999,2022-01-09,211.089996,209.69,244.029999,77.53047238774495,77.06677081091303
